[



{
  "model": "compras.solicitacaocompra",
  "pk": 5,
  "fields": {
    "ativo": true,
    "criado_em": "2021-06-21T21:03:41.480Z",
    "criador": 1,
    "modificado_em": "2021-06-25T01:28:08.221Z",
    "ultimo_editor": 1,
    "numsc": "009000",
    "data_emissao": "2021-04-15",
    "prazo": "2021-07-15",
    "data_rec_compras": null,
    "processo": 8,
    "objeto": "Contratação de serviço de atendimento médico por meio de ambulâncias do tipo remoção e UTI em atendimento a diversos eventos pelo período de 12 meses",
    "justificativa": null,
    "valor_total": "1050000.000000",
    "area": 4,
    "centro_custo": 1,
    "conta_contabil": 1,
    "contr_evento": null,
    "evento": null,
    "cadtec": "",
    "responsavel": 2,
    "status": null
  }
},
{
  "model": "compras.solicitacaocompra",
  "pk": 6,
  "fields": {
    "ativo": true,
    "criado_em": "2021-06-21T21:13:43.995Z",
    "criador": 1,
    "modificado_em": "2021-06-25T01:42:12.964Z",
    "ultimo_editor": 1,
    "numsc": "009001",
    "data_emissao": "2021-03-28",
    "prazo": "2021-06-30",
    "data_rec_compras": null,
    "processo": 8,
    "objeto": "Contratação de serviço de água e café em atendimento a diversos eventos pelo período de 12 meses",
    "justificativa": null,
    "valor_total": "4165.000000",
    "area": 4,
    "centro_custo": 1,
    "conta_contabil": 1,
    "contr_evento": null,
    "evento": null,
    "cadtec": "",
    "responsavel": 2,
    "status": null
  }
},
{
  "model": "compras.solicitacaocompra",
  "pk": 7,
  "fields": {
    "ativo": true,
    "criado_em": "2021-08-17T20:13:29.282Z",
    "criador": 1,
    "modificado_em": "2021-08-17T20:14:32.041Z",
    "ultimo_editor": 1,
    "numsc": "009236",
    "data_emissao": "2021-06-28",
    "prazo": "2021-07-15",
    "data_rec_compras": null,
    "processo": 9,
    "objeto": "Contratação de serviço de fornecimento de mão de obra especializada para armazenamento, transporte, montagem e desmontagem de estruturas no Elevado João Goulart (Minhocão) pelo período de 30 dias",
    "justificativa": null,
    "valor_total": "49700.000000",
    "area": 4,
    "centro_custo": 1,
    "conta_contabil": 1,
    "contr_evento": null,
    "evento": null,
    "cadtec": "",
    "responsavel": 2,
    "status": null
  }
},
{
  "model": "compras.solicitacaocompra",
  "pk": 8,
  "fields": {
    "ativo": true,
    "criado_em": "2021-08-17T20:27:50.761Z",
    "criador": 1,
    "modificado_em": "2021-08-17T20:28:34.703Z",
    "ultimo_editor": 1,
    "numsc": "009310",
    "data_emissao": "2021-08-10",
    "prazo": "2021-08-25",
    "data_rec_compras": null,
    "processo": 10,
    "objeto": "Contratação de serviço de envio de textos de divulgação (press releases) por meio de ferramenta de distribuição automática online pelo período de 12 meses",
    "justificativa": null,
    "valor_total": "3600.000000",
    "area": 31,
    "centro_custo": 2,
    "conta_contabil": 2,
    "contr_evento": null,
    "evento": null,
    "cadtec": "",
    "responsavel": null,
    "status": null
  }
},
{
  "model": "compras.solicitacaocompra",
  "pk": 9,
  "fields": {
    "ativo": true,
    "criado_em": "2021-08-19T15:04:24.377Z",
    "criador": 1,
    "modificado_em": "2021-08-19T15:11:12.277Z",
    "ultimo_editor": 1,
    "numsc": "009315",
    "data_emissao": "2021-08-12",
    "prazo": "2021-09-12",
    "data_rec_compras": null,
    "processo": 11,
    "objeto": "Contratação de serviços de transporte mediante locação de dois veículos executivos, sem motorista, pelo período de 24 meses",
    "justificativa": null,
    "valor_total": "189999.960000",
    "area": 36,
    "centro_custo": 3,
    "conta_contabil": 3,
    "contr_evento": null,
    "evento": null,
    "cadtec": "",
    "responsavel": 7,
    "status": null
  }
},
{
  "model": "compras.solicitacaocompra",
  "pk": 10,
  "fields": {
    "ativo": true,
    "criado_em": "2021-08-19T20:21:59.371Z",
    "criador": 1,
    "modificado_em": "2021-08-19T20:23:10.688Z",
    "ultimo_editor": 1,
    "numsc": "009331",
    "data_emissao": "2021-08-19",
    "prazo": "2021-08-19",
    "data_rec_compras": null,
    "processo": 12,
    "objeto": "Aquisição de compressor do tipo rotativo para ar condicionado Elgin",
    "justificativa": null,
    "valor_total": "1056.840000",
    "area": 27,
    "centro_custo": 4,
    "conta_contabil": 4,
    "contr_evento": null,
    "evento": null,
    "cadtec": "",
    "responsavel": 8,
    "status": null
  }
},
{
  "model": "compras.solicitacaocompra",
  "pk": 11,
  "fields": {
    "ativo": true,
    "criado_em": "2021-08-19T20:47:16.596Z",
    "criador": 1,
    "modificado_em": "2021-08-19T20:47:57.804Z",
    "ultimo_editor": 1,
    "numsc": "009281",
    "data_emissao": "2021-07-28",
    "prazo": "2021-10-28",
    "data_rec_compras": null,
    "processo": 13,
    "objeto": "Aquisição de lâmpadas e reatores",
    "justificativa": null,
    "valor_total": "147900.000000",
    "area": 2,
    "centro_custo": 5,
    "conta_contabil": 5,
    "contr_evento": null,
    "evento": null,
    "cadtec": "",
    "responsavel": 10,
    "status": null
  }
},
{
  "model": "compras.solicitacaocompra",
  "pk": 12,
  "fields": {
    "ativo": true,
    "criado_em": "2021-08-19T22:44:16.993Z",
    "criador": 1,
    "modificado_em": "2021-08-19T22:46:12.431Z",
    "ultimo_editor": 1,
    "numsc": "009246",
    "data_emissao": "2021-07-06",
    "prazo": "2021-07-06",
    "data_rec_compras": null,
    "processo": 14,
    "objeto": "Contratação de treinamento \"As Contratações das Estatais em Foco\"",
    "justificativa": null,
    "valor_total": "5602.800000",
    "area": 20,
    "centro_custo": 7,
    "conta_contabil": 6,
    "contr_evento": null,
    "evento": null,
    "cadtec": "",
    "responsavel": 11,
    "status": null
  }
},
{
  "model": "compras.solicitacaocompra",
  "pk": 13,
  "fields": {
    "ativo": true,
    "criado_em": "2021-08-19T22:45:25.148Z",
    "criador": 1,
    "modificado_em": "2021-08-19T22:45:42.223Z",
    "ultimo_editor": 1,
    "numsc": "009278",
    "data_emissao": "2021-07-21",
    "prazo": "2021-08-06",
    "data_rec_compras": null,
    "processo": 15,
    "objeto": "Contratação de curso de media training para a diretoria executiva, chefe de gabinete e gerente de comunicação",
    "justificativa": null,
    "valor_total": "18000.000000",
    "area": 15,
    "centro_custo": 6,
    "conta_contabil": 6,
    "contr_evento": null,
    "evento": null,
    "cadtec": "",
    "responsavel": 12,
    "status": null
  }
},
{
  "model": "compras.itemsc",
  "pk": 4,
  "fields": {
    "ativo": true,
    "criado_em": "2021-06-21T21:03:41.494Z",
    "criador": 1,
    "modificado_em": "2021-06-21T21:03:41.494Z",
    "ultimo_editor": 1,
    "solicitacao": 5,
    "ord_item": "1",
    "subgrupo": null,
    "produto": 15,
    "descricao": null,
    "quantidade": "1500.000000",
    "diaria": null,
    "valor_unit": "700.000000",
    "valor_total": "1050000.000000"
  }
},
{
  "model": "compras.itemsc",
  "pk": 6,
  "fields": {
    "ativo": true,
    "criado_em": "2021-06-21T21:13:44.007Z",
    "criador": 1,
    "modificado_em": "2021-06-21T21:13:44.008Z",
    "ultimo_editor": 1,
    "solicitacao": 6,
    "ord_item": "1",
    "subgrupo": null,
    "produto": 10,
    "descricao": null,
    "quantidade": "400.000000",
    "diaria": null,
    "valor_unit": "5.000000",
    "valor_total": "2000.000000"
  }
},
{
  "model": "compras.itemsc",
  "pk": 7,
  "fields": {
    "ativo": true,
    "criado_em": "2021-06-21T21:13:44.014Z",
    "criador": 1,
    "modificado_em": "2021-06-25T01:41:52.025Z",
    "ultimo_editor": 1,
    "solicitacao": 6,
    "ord_item": "3",
    "subgrupo": null,
    "produto": 12,
    "descricao": null,
    "quantidade": "100.000000",
    "diaria": null,
    "valor_unit": "7.850000",
    "valor_total": "785.000000"
  }
},
{
  "model": "compras.itemsc",
  "pk": 8,
  "fields": {
    "ativo": true,
    "criado_em": "2021-06-25T01:42:12.944Z",
    "criador": 1,
    "modificado_em": "2021-06-25T01:42:12.944Z",
    "ultimo_editor": 1,
    "solicitacao": 6,
    "ord_item": "4",
    "subgrupo": null,
    "produto": 11,
    "descricao": null,
    "quantidade": "200.000000",
    "diaria": null,
    "valor_unit": "6.900000",
    "valor_total": "1380.000000"
  }
},
{
  "model": "compras.itemsc",
  "pk": 9,
  "fields": {
    "ativo": true,
    "criado_em": "2021-08-17T20:13:29.300Z",
    "criador": 1,
    "modificado_em": "2021-08-17T20:13:29.300Z",
    "ultimo_editor": 1,
    "solicitacao": 7,
    "ord_item": "1",
    "subgrupo": null,
    "produto": 26,
    "descricao": null,
    "quantidade": "1.000000",
    "diaria": null,
    "valor_unit": "49700.000000",
    "valor_total": "49700.000000"
  }
},
{
  "model": "compras.itemsc",
  "pk": 10,
  "fields": {
    "ativo": true,
    "criado_em": "2021-08-17T20:27:50.784Z",
    "criador": 1,
    "modificado_em": "2021-08-17T20:27:50.784Z",
    "ultimo_editor": 1,
    "solicitacao": 8,
    "ord_item": "1",
    "subgrupo": null,
    "produto": 27,
    "descricao": null,
    "quantidade": "12.000000",
    "diaria": null,
    "valor_unit": "300.000000",
    "valor_total": "3600.000000"
  }
},
{
  "model": "compras.itemsc",
  "pk": 11,
  "fields": {
    "ativo": true,
    "criado_em": "2021-08-19T15:04:24.395Z",
    "criador": 1,
    "modificado_em": "2021-08-19T15:09:11.398Z",
    "ultimo_editor": 1,
    "solicitacao": 9,
    "ord_item": "1",
    "subgrupo": null,
    "produto": 23,
    "descricao": null,
    "quantidade": "48.000000",
    "diaria": null,
    "valor_unit": "3958.332500",
    "valor_total": "189999.960000"
  }
},
{
  "model": "compras.itemsc",
  "pk": 12,
  "fields": {
    "ativo": true,
    "criado_em": "2021-08-19T20:21:59.384Z",
    "criador": 1,
    "modificado_em": "2021-08-19T20:21:59.384Z",
    "ultimo_editor": 1,
    "solicitacao": 10,
    "ord_item": "1",
    "subgrupo": null,
    "produto": 28,
    "descricao": null,
    "quantidade": "1.000000",
    "diaria": null,
    "valor_unit": "1056.840000",
    "valor_total": "1056.840000"
  }
},
{
  "model": "compras.itemsc",
  "pk": 13,
  "fields": {
    "ativo": true,
    "criado_em": "2021-08-19T20:47:16.617Z",
    "criador": 1,
    "modificado_em": "2021-08-19T20:47:16.617Z",
    "ultimo_editor": 1,
    "solicitacao": 11,
    "ord_item": "1",
    "subgrupo": null,
    "produto": 29,
    "descricao": null,
    "quantidade": "120.000000",
    "diaria": null,
    "valor_unit": "830.000000",
    "valor_total": "99600.000000"
  }
},
{
  "model": "compras.itemsc",
  "pk": 14,
  "fields": {
    "ativo": true,
    "criado_em": "2021-08-19T20:47:16.629Z",
    "criador": 1,
    "modificado_em": "2021-08-19T20:47:16.629Z",
    "ultimo_editor": 1,
    "solicitacao": 11,
    "ord_item": "2",
    "subgrupo": null,
    "produto": 30,
    "descricao": null,
    "quantidade": "70.000000",
    "diaria": null,
    "valor_unit": "690.000000",
    "valor_total": "48300.000000"
  }
},
{
  "model": "compras.itemsc",
  "pk": 15,
  "fields": {
    "ativo": true,
    "criado_em": "2021-08-19T22:44:17.007Z",
    "criador": 1,
    "modificado_em": "2021-08-19T22:44:17.007Z",
    "ultimo_editor": 1,
    "solicitacao": 12,
    "ord_item": "1",
    "subgrupo": null,
    "produto": 31,
    "descricao": "As Contratações das Estatais em Foco",
    "quantidade": "1.000000",
    "diaria": null,
    "valor_unit": "5602.800000",
    "valor_total": "5602.800000"
  }
},
{
  "model": "compras.itemsc",
  "pk": 16,
  "fields": {
    "ativo": true,
    "criado_em": "2021-08-19T22:45:25.164Z",
    "criador": 1,
    "modificado_em": "2021-08-19T22:45:25.164Z",
    "ultimo_editor": 1,
    "solicitacao": 13,
    "ord_item": "1",
    "subgrupo": null,
    "produto": 31,
    "descricao": "Media Training",
    "quantidade": "8.000000",
    "diaria": null,
    "valor_unit": "2250.000000",
    "valor_total": "18000.000000"
  }
},
{
  "model": "processos.modalidade",
  "pk": 1,
  "fields": {
    "ativo": true,
    "criado_em": "2021-06-08T22:26:37.407Z",
    "criador": 1,
    "modificado_em": "2021-06-08T22:26:37.407Z",
    "ultimo_editor": 1,
    "sigla": "Indefinida",
    "fundamento": "Indefinida"
  }
},
{
  "model": "processos.modalidade",
  "pk": 2,
  "fields": {
    "ativo": true,
    "criado_em": "2021-06-08T22:26:47.772Z",
    "criador": 1,
    "modificado_em": "2021-06-08T22:26:47.772Z",
    "ultimo_editor": 1,
    "sigla": "PE",
    "fundamento": "Pregão Eletrônico"
  }
},
{
  "model": "processos.modalidade",
  "pk": 3,
  "fields": {
    "ativo": true,
    "criado_em": "2021-06-08T22:27:25.760Z",
    "criador": 1,
    "modificado_em": "2021-06-08T22:27:25.760Z",
    "ultimo_editor": 1,
    "sigla": "DL - Art. 29 II",
    "fundamento": "Dispensa de Licitação - Art. 29, inciso II"
  }
},
{
  "model": "processos.modalidade",
  "pk": 4,
  "fields": {
    "ativo": true,
    "criado_em": "2021-06-15T21:52:50.045Z",
    "criador": 1,
    "modificado_em": "2021-06-15T21:52:50.045Z",
    "ultimo_editor": 1,
    "sigla": "IL - Art. 30 \"caput\"",
    "fundamento": "Inexigibilidade de Licitação - Art. 30, \"caput\""
  }
},
{
  "model": "processos.sistema",
  "pk": 1,
  "fields": {
    "ativo": true,
    "criado_em": "2021-06-08T22:31:46.660Z",
    "criador": 1,
    "modificado_em": "2021-06-08T22:31:46.660Z",
    "ultimo_editor": 1,
    "descricao": "Licitações-e"
  }
},
{
  "model": "processos.processo",
  "pk": 8,
  "fields": {
    "ativo": true,
    "criado_em": "2021-06-21T21:07:08.159Z",
    "criador": 1,
    "modificado_em": "2021-06-22T22:06:59.297Z",
    "ultimo_editor": 1,
    "numero_sei": "7210.2021/0000001-0",
    "tipo": "PC",
    "descricao": "Contratação de serviço de atendimento médico por meio de ambulâncias do tipo remoção e UTI em atendimento a diversos eventos pelo período de 12 meses",
    "data_autuacao": null
  }
},
{
  "model": "processos.processo",
  "pk": 9,
  "fields": {
    "ativo": true,
    "criado_em": "2021-08-17T20:14:18.224Z",
    "criador": 1,
    "modificado_em": "2021-08-18T20:36:01.959Z",
    "ultimo_editor": 1,
    "numero_sei": "7210.2021/0002187-5",
    "tipo": "PC",
    "descricao": "Contratação de serviço de fornecimento de mão de obra especializada para armazenamento, transporte, montagem e desmontagem de estruturas no Elevado João Goulart (Minhocão) pelo período de 30 dias",
    "data_autuacao": null
  }
},
{
  "model": "processos.processo",
  "pk": 10,
  "fields": {
    "ativo": true,
    "criado_em": "2021-08-17T20:28:23.848Z",
    "criador": 1,
    "modificado_em": "2021-08-19T15:12:41.284Z",
    "ultimo_editor": 1,
    "numero_sei": "7210.2021/0002685-0",
    "tipo": "PC",
    "descricao": "Contratação de serviço de envio de textos de divulgação (press releases) por meio de ferramenta de distribuição automática online pelo período de 12 meses",
    "data_autuacao": null
  }
},
{
  "model": "processos.processo",
  "pk": 11,
  "fields": {
    "ativo": true,
    "criado_em": "2021-08-19T15:10:58.585Z",
    "criador": 1,
    "modificado_em": "2021-08-19T15:11:25.510Z",
    "ultimo_editor": 1,
    "numero_sei": "7210.2021/0002745-8",
    "tipo": "PC",
    "descricao": "Contratação de serviços de transporte mediante locação de dois veículos executivos, sem motorista, pelo período de 24 meses",
    "data_autuacao": null
  }
},
{
  "model": "processos.processo",
  "pk": 12,
  "fields": {
    "ativo": true,
    "criado_em": "2021-08-19T20:23:03.487Z",
    "criador": 1,
    "modificado_em": "2021-08-19T20:23:17.581Z",
    "ultimo_editor": 1,
    "numero_sei": "7210.2021/0002829-2",
    "tipo": "PC",
    "descricao": "Aquisição de compressor do tipo rotativo para ar condicionado Elgin",
    "data_autuacao": null
  }
},
{
  "model": "processos.processo",
  "pk": 13,
  "fields": {
    "ativo": true,
    "criado_em": "2021-08-19T20:47:44.577Z",
    "criador": 1,
    "modificado_em": "2021-08-19T20:48:04.812Z",
    "ultimo_editor": 1,
    "numero_sei": "7210.2021/0002489-0",
    "tipo": "PC",
    "descricao": "Aquisição de lâmpadas e reatores",
    "data_autuacao": null
  }
},
{
  "model": "processos.processo",
  "pk": 14,
  "fields": {
    "ativo": true,
    "criado_em": "2021-08-19T22:42:25.309Z",
    "criador": 1,
    "modificado_em": "2021-08-19T22:46:19.400Z",
    "ultimo_editor": 1,
    "numero_sei": "7210.2021/0002191-3",
    "tipo": "PC",
    "descricao": "Contratação de treinamento \"As Contratações das Estatais em Foco\"",
    "data_autuacao": null
  }
},
{
  "model": "processos.processo",
  "pk": 15,
  "fields": {
    "ativo": true,
    "criado_em": "2021-08-19T22:43:02.691Z",
    "criador": 1,
    "modificado_em": "2021-08-19T22:45:49.607Z",
    "ultimo_editor": 1,
    "numero_sei": "7210.2021/0002451-3",
    "tipo": "PC",
    "descricao": "Contratação de curso de media training para a diretoria executiva, chefe de gabinete e gerente de comunicação",
    "data_autuacao": null
  }
},
{
  "model": "processos.processocompra",
  "pk": 8,
  "fields": {
    "ativo": true,
    "criado_em": "2021-06-21T21:07:08.169Z",
    "criador": 1,
    "modificado_em": "2021-06-22T22:06:59.320Z",
    "ultimo_editor": 1,
    "modalidade": 1,
    "numero_edital": null,
    "sistema": null,
    "refer_sistema": null,
    "data_gco": "2021-04-16",
    "status": 1
  }
},
{
  "model": "processos.processocompra",
  "pk": 9,
  "fields": {
    "ativo": true,
    "criado_em": "2021-08-17T20:14:18.243Z",
    "criador": 1,
    "modificado_em": "2021-08-18T20:36:01.996Z",
    "ultimo_editor": 1,
    "modalidade": 3,
    "numero_edital": null,
    "sistema": null,
    "refer_sistema": null,
    "data_gco": "2021-07-08",
    "status": 3
  }
},
{
  "model": "processos.processocompra",
  "pk": 10,
  "fields": {
    "ativo": true,
    "criado_em": "2021-08-17T20:28:23.861Z",
    "criador": 1,
    "modificado_em": "2021-08-19T15:12:41.314Z",
    "ultimo_editor": 1,
    "modalidade": 3,
    "numero_edital": null,
    "sistema": null,
    "refer_sistema": null,
    "data_gco": "2021-08-17",
    "status": 2
  }
},
{
  "model": "processos.processocompra",
  "pk": 11,
  "fields": {
    "ativo": true,
    "criado_em": "2021-08-19T15:10:58.601Z",
    "criador": 1,
    "modificado_em": "2021-08-19T15:11:25.536Z",
    "ultimo_editor": 1,
    "modalidade": 2,
    "numero_edital": null,
    "sistema": null,
    "refer_sistema": null,
    "data_gco": "2021-08-19",
    "status": 2
  }
},
{
  "model": "processos.processocompra",
  "pk": 12,
  "fields": {
    "ativo": true,
    "criado_em": "2021-08-19T20:23:03.498Z",
    "criador": 1,
    "modificado_em": "2021-08-19T20:23:17.606Z",
    "ultimo_editor": 1,
    "modalidade": 3,
    "numero_edital": null,
    "sistema": null,
    "refer_sistema": null,
    "data_gco": "2021-08-19",
    "status": 2
  }
},
{
  "model": "processos.processocompra",
  "pk": 13,
  "fields": {
    "ativo": true,
    "criado_em": "2021-08-19T20:47:44.588Z",
    "criador": 1,
    "modificado_em": "2021-08-19T20:48:04.839Z",
    "ultimo_editor": 1,
    "modalidade": 2,
    "numero_edital": null,
    "sistema": null,
    "refer_sistema": null,
    "data_gco": "2021-08-19",
    "status": 2
  }
},
{
  "model": "processos.processocompra",
  "pk": 14,
  "fields": {
    "ativo": true,
    "criado_em": "2021-08-19T22:42:25.318Z",
    "criador": 1,
    "modificado_em": "2021-08-19T22:46:19.424Z",
    "ultimo_editor": 1,
    "modalidade": 4,
    "numero_edital": null,
    "sistema": null,
    "refer_sistema": null,
    "data_gco": "2021-07-28",
    "status": 3
  }
},
{
  "model": "processos.processocompra",
  "pk": 15,
  "fields": {
    "ativo": true,
    "criado_em": "2021-08-19T22:43:02.700Z",
    "criador": 1,
    "modificado_em": "2021-08-19T22:45:49.631Z",
    "ultimo_editor": 1,
    "modalidade": 4,
    "numero_edital": null,
    "sistema": null,
    "refer_sistema": null,
    "data_gco": "2021-07-23",
    "status": 3
  }
},

{
  "model": "empresa.centrocusto",
  "pk": 1,
  "fields": {
    "ativo": true,
    "criado_em": "2021-06-21T20:35:36.667Z",
    "criador": 1,
    "modificado_em": "2021-08-17T20:24:46.009Z",
    "ultimo_editor": 1,
    "codigo": "20201001",
    "descricao": "Eventos",
    "area": [
      25,
      4,
      7,
      8,
      5,
      35,
      33
    ]
  }
},
{
  "model": "empresa.centrocusto",
  "pk": 2,
  "fields": {
    "ativo": true,
    "criado_em": "2021-08-17T20:24:34.139Z",
    "criador": 1,
    "modificado_em": "2021-08-17T20:24:34.139Z",
    "ultimo_editor": 1,
    "codigo": "10103001",
    "descricao": "Gerência de Comunicação",
    "area": [
      31
    ]
  }
},
{
  "model": "empresa.centrocusto",
  "pk": 3,
  "fields": {
    "ativo": true,
    "criado_em": "2021-08-19T15:02:24.374Z",
    "criador": 1,
    "modificado_em": "2021-08-19T15:02:24.374Z",
    "ultimo_editor": 1,
    "codigo": "10406003",
    "descricao": "Coordenadoria de Serviços",
    "area": [
      36
    ]
  }
},
{
  "model": "empresa.centrocusto",
  "pk": 4,
  "fields": {
    "ativo": true,
    "criado_em": "2021-08-19T20:20:05.292Z",
    "criador": 1,
    "modificado_em": "2021-08-19T20:20:05.292Z",
    "ultimo_editor": 1,
    "codigo": "10403001",
    "descricao": "Gerência de Manutenção",
    "area": [
      10
    ]
  }
},
{
  "model": "empresa.centrocusto",
  "pk": 5,
  "fields": {
    "ativo": true,
    "criado_em": "2021-08-19T20:43:14.053Z",
    "criador": 1,
    "modificado_em": "2021-08-19T20:43:14.053Z",
    "ultimo_editor": 1,
    "codigo": "10305001",
    "descricao": "Gerência de Compras e Contratos",
    "area": [
      2
    ]
  }
},
{
  "model": "empresa.centrocusto",
  "pk": 6,
  "fields": {
    "ativo": true,
    "criado_em": "2021-08-19T22:26:45.204Z",
    "criador": 1,
    "modificado_em": "2021-08-19T22:26:45.204Z",
    "ultimo_editor": 1,
    "codigo": "10302001",
    "descricao": "Área de Pessoas",
    "area": [
      15
    ]
  }
},
{
  "model": "empresa.centrocusto",
  "pk": 7,
  "fields": {
    "ativo": true,
    "criado_em": "2021-08-19T22:30:52.449Z",
    "criador": 1,
    "modificado_em": "2021-08-19T22:30:52.449Z",
    "ultimo_editor": 1,
    "codigo": "14004002",
    "descricao": "Coordenadoria Jurídica, Licitações e Contratos Administrativos",
    "area": [
      20
    ]
  }
},
{
  "model": "empresa.contacontabil",
  "pk": 1,
  "fields": {
    "ativo": true,
    "criado_em": "2021-06-21T20:36:23.275Z",
    "criador": 1,
    "modificado_em": "2021-06-21T20:36:23.275Z",
    "ultimo_editor": 1,
    "codigo": "304010201",
    "descricao": "Custos com serviços prestados"
  }
},
{
  "model": "empresa.contacontabil",
  "pk": 2,
  "fields": {
    "ativo": true,
    "criado_em": "2021-08-17T20:25:08.891Z",
    "criador": 1,
    "modificado_em": "2021-08-17T20:25:08.891Z",
    "ultimo_editor": 1,
    "codigo": "305030411",
    "descricao": "Consultoria e Assessoria"
  }
},
{
  "model": "empresa.contacontabil",
  "pk": 3,
  "fields": {
    "ativo": true,
    "criado_em": "2021-08-19T15:02:57.723Z",
    "criador": 1,
    "modificado_em": "2021-08-19T15:02:57.723Z",
    "ultimo_editor": 1,
    "codigo": "305030308",
    "descricao": "Manutenção de Veículos"
  }
},
{
  "model": "empresa.contacontabil",
  "pk": 4,
  "fields": {
    "ativo": true,
    "criado_em": "2021-08-19T20:20:31.562Z",
    "criador": 1,
    "modificado_em": "2021-08-19T20:20:31.562Z",
    "ultimo_editor": 1,
    "codigo": "305030306",
    "descricao": "Manutenção de Equipamentos"
  }
},
{
  "model": "empresa.contacontabil",
  "pk": 5,
  "fields": {
    "ativo": true,
    "criado_em": "2021-08-19T20:43:39.863Z",
    "criador": 1,
    "modificado_em": "2021-08-19T20:43:39.863Z",
    "ultimo_editor": 1,
    "codigo": "101050101",
    "descricao": "Almoxarifado - Materiais de Consumo"
  }
},
{
  "model": "empresa.contacontabil",
  "pk": 6,
  "fields": {
    "ativo": true,
    "criado_em": "2021-08-19T22:26:12.584Z",
    "criador": 1,
    "modificado_em": "2021-08-19T22:26:12.584Z",
    "ultimo_editor": 1,
    "codigo": "305010309",
    "descricao": "Treinamentos, Cursos e Aperfeiçoamentos Técnicos"
  }
},
{
  "model": "contratos.contratocompra",
  "pk": 5,
  "fields": {
    "ativo": true,
    "criado_em": "2021-08-16T23:29:13.087Z",
    "criador": 1,
    "modificado_em": "2021-08-16T23:29:52.918Z",
    "ultimo_editor": 1,
    "processo": 8,
    "tipo": "CCN",
    "subtipo": null,
    "numero": 1,
    "numero_format_ano": "0001/2021",
    "fornecedor": 3,
    "status": null,
    "data_assinatura": "2021-08-16"
  }
},
{
  "model": "contratos.contratocompra",
  "pk": 6,
  "fields": {
    "ativo": true,
    "criado_em": "2021-08-17T20:18:29.465Z",
    "criador": 1,
    "modificado_em": "2021-08-17T20:18:29.465Z",
    "ultimo_editor": 1,
    "processo": 9,
    "tipo": "CCO",
    "subtipo": null,
    "numero": 118,
    "numero_format_ano": "0118/2021",
    "fornecedor": 5,
    "status": null,
    "data_assinatura": "2021-07-26"
  }
},
{
  "model": "contratos.contratocompra",
  "pk": 7,
  "fields": {
    "ativo": true,
    "criado_em": "2021-08-19T23:14:53.738Z",
    "criador": 1,
    "modificado_em": "2021-08-19T23:16:30.872Z",
    "ultimo_editor": 1,
    "processo": 14,
    "tipo": "CCO",
    "subtipo": "AS",
    "numero": 123,
    "numero_format_ano": "0123/2021",
    "fornecedor": 7,
    "status": null,
    "data_assinatura": "2021-08-02"
  }
},
{
  "model": "contratos.contratocompra",
  "pk": 8,
  "fields": {
    "ativo": true,
    "criado_em": "2021-08-19T23:18:37.364Z",
    "criador": 1,
    "modificado_em": "2021-08-19T23:18:50.411Z",
    "ultimo_editor": 1,
    "processo": 15,
    "tipo": "CCO",
    "subtipo": "AS",
    "numero": 125,
    "numero_format_ano": "0125/2021",
    "fornecedor": 6,
    "status": null,
    "data_assinatura": "2021-08-16"
  }
},
{
  "model": "contratos.revisaocontratocompra",
  "pk": 1,
  "fields": {
    "ativo": true,
    "criado_em": "2021-08-16T23:29:13.103Z",
    "criador": 1,
    "modificado_em": "2021-08-16T23:29:29.665Z",
    "ultimo_editor": 1,
    "contrato": 5,
    "numero_aditamento": null,
    "nome_simplificado": null,
    "objeto": "Contratação de serviço de atendimento médico por meio de ambulâncias do tipo remoção e UTI em atendimento a diversos eventos pelo período de 12 meses",
    "ordem": 0,
    "motivo": null,
    "data_assinatura": "2021-08-16",
    "data_ini": "2021-08-16",
    "data_fim": "2022-08-15",
    "valor_total": "3735375.000000",
    "area": null,
    "gestor": null,
    "fiscal": null,
    "is_vigente": false,
    "cod_protheus": null,
    "data_protheus": null
  }
},
{
  "model": "contratos.revisaocontratocompra",
  "pk": 2,
  "fields": {
    "ativo": true,
    "criado_em": "2021-08-16T23:29:40.848Z",
    "criador": 1,
    "modificado_em": "2021-08-16T23:29:53.012Z",
    "ultimo_editor": 1,
    "contrato": 5,
    "numero_aditamento": 1,
    "nome_simplificado": null,
    "objeto": "Contratação de serviço de atendimento médico por meio de ambulâncias do tipo remoção e UTI em atendimento a diversos eventos pelo período de 12 meses",
    "ordem": 1,
    "motivo": null,
    "data_assinatura": "2021-08-17",
    "data_ini": "2021-08-16",
    "data_fim": "2022-08-15",
    "valor_total": "5745375.000000",
    "area": null,
    "gestor": null,
    "fiscal": null,
    "is_vigente": true,
    "cod_protheus": null,
    "data_protheus": null
  }
},
{
  "model": "contratos.revisaocontratocompra",
  "pk": 3,
  "fields": {
    "ativo": true,
    "criado_em": "2021-08-17T20:18:29.479Z",
    "criador": 1,
    "modificado_em": "2021-08-17T20:18:29.527Z",
    "ultimo_editor": 1,
    "contrato": 6,
    "numero_aditamento": null,
    "nome_simplificado": null,
    "objeto": "Contratação de serviço de fornecimento de mão de obra especializada para armazenamento, transporte, montagem e desmontagem de estruturas no Elevado João Goulart (Minhocão) pelo período de 30 dias",
    "ordem": 0,
    "motivo": null,
    "data_assinatura": "2021-07-26",
    "data_ini": "2021-07-30",
    "data_fim": "2021-08-29",
    "valor_total": "49700.000000",
    "area": null,
    "gestor": null,
    "fiscal": null,
    "is_vigente": true,
    "cod_protheus": null,
    "data_protheus": null
  }
},
{
  "model": "contratos.revisaocontratocompra",
  "pk": 4,
  "fields": {
    "ativo": true,
    "criado_em": "2021-08-19T23:14:53.749Z",
    "criador": 1,
    "modificado_em": "2021-08-19T23:14:53.789Z",
    "ultimo_editor": 1,
    "contrato": 7,
    "numero_aditamento": null,
    "nome_simplificado": null,
    "objeto": "Contratação de treinamento \"As Contratações das Estatais em Foco\"",
    "ordem": 0,
    "motivo": null,
    "data_assinatura": "2021-08-02",
    "data_ini": "2021-08-16",
    "data_fim": "2021-08-20",
    "valor_total": "5602.800000",
    "area": null,
    "gestor": null,
    "fiscal": null,
    "is_vigente": true,
    "cod_protheus": null,
    "data_protheus": null
  }
},
{
  "model": "contratos.revisaocontratocompra",
  "pk": 5,
  "fields": {
    "ativo": true,
    "criado_em": "2021-08-19T23:18:37.375Z",
    "criador": 1,
    "modificado_em": "2021-08-19T23:18:37.416Z",
    "ultimo_editor": 1,
    "contrato": 8,
    "numero_aditamento": null,
    "nome_simplificado": null,
    "objeto": "Contratação de curso de media training para a diretoria executiva, chefe de gabinete e gerente de comunicação",
    "ordem": 0,
    "motivo": null,
    "data_assinatura": "2021-08-16",
    "data_ini": "2021-08-16",
    "data_fim": "2021-11-15",
    "valor_total": "18000.000000",
    "area": null,
    "gestor": null,
    "fiscal": null,
    "is_vigente": true,
    "cod_protheus": null,
    "data_protheus": null
  }
},
{
  "model": "contratos.itemcontratocompra",
  "pk": 5,
  "fields": {
    "ativo": true,
    "criado_em": "2021-08-16T23:29:13.138Z",
    "criador": 1,
    "modificado_em": "2021-08-16T23:29:29.632Z",
    "ultimo_editor": 1,
    "revisao": 1,
    "ord_item": 1,
    "produto": 16,
    "descricao": null,
    "quantidade": "600.000000",
    "diaria": null,
    "valor_unit": "3350.000000",
    "valor_total": "2010000.000000",
    "saldo_fis": "600.000000",
    "saldo_fin": null
  }
},
{
  "model": "contratos.itemcontratocompra",
  "pk": 6,
  "fields": {
    "ativo": true,
    "criado_em": "2021-08-16T23:29:13.149Z",
    "criador": 1,
    "modificado_em": "2021-08-16T23:29:29.648Z",
    "ultimo_editor": 1,
    "revisao": 1,
    "ord_item": 2,
    "produto": 15,
    "descricao": null,
    "quantidade": "1500.000000",
    "diaria": null,
    "valor_unit": "1150.250000",
    "valor_total": "1725375.000000",
    "saldo_fis": "1500.000000",
    "saldo_fin": null
  }
},
{
  "model": "contratos.itemcontratocompra",
  "pk": 7,
  "fields": {
    "ativo": true,
    "criado_em": "2021-08-16T23:29:40.864Z",
    "criador": 1,
    "modificado_em": "2021-08-16T23:29:52.981Z",
    "ultimo_editor": 1,
    "revisao": 2,
    "ord_item": 1,
    "produto": 16,
    "descricao": null,
    "quantidade": "1200.000000",
    "diaria": null,
    "valor_unit": "3350.000000",
    "valor_total": "4020000.000000",
    "saldo_fis": "1200.000000",
    "saldo_fin": null
  }
},
{
  "model": "contratos.itemcontratocompra",
  "pk": 8,
  "fields": {
    "ativo": true,
    "criado_em": "2021-08-16T23:29:40.876Z",
    "criador": 1,
    "modificado_em": "2021-08-16T23:29:52.998Z",
    "ultimo_editor": 1,
    "revisao": 2,
    "ord_item": 2,
    "produto": 15,
    "descricao": null,
    "quantidade": "1500.000000",
    "diaria": null,
    "valor_unit": "1150.250000",
    "valor_total": "1725375.000000",
    "saldo_fis": "1500.000000",
    "saldo_fin": null
  }
},
{
  "model": "contratos.itemcontratocompra",
  "pk": 9,
  "fields": {
    "ativo": true,
    "criado_em": "2021-08-17T20:18:29.509Z",
    "criador": 1,
    "modificado_em": "2021-08-17T20:18:29.509Z",
    "ultimo_editor": 1,
    "revisao": 3,
    "ord_item": 1,
    "produto": 26,
    "descricao": null,
    "quantidade": "1.000000",
    "diaria": null,
    "valor_unit": "49700.000000",
    "valor_total": "49700.000000",
    "saldo_fis": "1.000000",
    "saldo_fin": null
  }
},
{
  "model": "contratos.itemcontratocompra",
  "pk": 10,
  "fields": {
    "ativo": true,
    "criado_em": "2021-08-19T23:14:53.774Z",
    "criador": 1,
    "modificado_em": "2021-08-19T23:14:53.774Z",
    "ultimo_editor": 1,
    "revisao": 4,
    "ord_item": 1,
    "produto": 31,
    "descricao": "As Contratações das Estatais em Foco",
    "quantidade": "3.000000",
    "diaria": null,
    "valor_unit": "1867.600000",
    "valor_total": "5602.800000",
    "saldo_fis": "3.000000",
    "saldo_fin": null
  }
},
{
  "model": "contratos.itemcontratocompra",
  "pk": 11,
  "fields": {
    "ativo": true,
    "criado_em": "2021-08-19T23:18:37.401Z",
    "criador": 1,
    "modificado_em": "2021-08-19T23:18:37.401Z",
    "ultimo_editor": 1,
    "revisao": 5,
    "ord_item": 1,
    "produto": 31,
    "descricao": "Media Training",
    "quantidade": "8.000000",
    "diaria": null,
    "valor_unit": "2250.000000",
    "valor_total": "18000.000000",
    "saldo_fis": "8.000000",
    "saldo_fin": null
  }
}
]
