[
{
  "model": "admin.logentry",
  "pk": 1,
  "fields": {
    "action_time": "2021-06-08T22:24:48.817Z",
    "user": 1,
    "content_type": 10,
    "object_id": "1",
    "object_repr": "Inicial",
    "action_flag": 1,
    "change_message": "[{\"added\": {}}]"
  }
},
{
  "model": "admin.logentry",
  "pk": 2,
  "fields": {
    "action_time": "2021-06-08T22:26:37.410Z",
    "user": 1,
    "content_type": 21,
    "object_id": "1",
    "object_repr": "Indefinida",
    "action_flag": 1,
    "change_message": "[{\"added\": {}}]"
  }
},
{
  "model": "admin.logentry",
  "pk": 3,
  "fields": {
    "action_time": "2021-06-08T22:26:47.774Z",
    "user": 1,
    "content_type": 21,
    "object_id": "2",
    "object_repr": "PE",
    "action_flag": 1,
    "change_message": "[{\"added\": {}}]"
  }
},
{
  "model": "admin.logentry",
  "pk": 4,
  "fields": {
    "action_time": "2021-06-08T22:27:25.763Z",
    "user": 1,
    "content_type": 21,
    "object_id": "3",
    "object_repr": "DL - Art. 29 II",
    "action_flag": 1,
    "change_message": "[{\"added\": {}}]"
  }
},
{
  "model": "admin.logentry",
  "pk": 5,
  "fields": {
    "action_time": "2021-06-08T22:27:43.335Z",
    "user": 1,
    "content_type": 10,
    "object_id": "2",
    "object_repr": "Pesquisa de mercado",
    "action_flag": 1,
    "change_message": "[{\"added\": {}}]"
  }
},
{
  "model": "admin.logentry",
  "pk": 6,
  "fields": {
    "action_time": "2021-06-08T22:28:18.604Z",
    "user": 1,
    "content_type": 10,
    "object_id": "3",
    "object_repr": "Contratação realizada",
    "action_flag": 1,
    "change_message": "[{\"added\": {}}]"
  }
},
{
  "model": "admin.logentry",
  "pk": 7,
  "fields": {
    "action_time": "2021-06-08T22:31:01.853Z",
    "user": 1,
    "content_type": 7,
    "object_id": "2",
    "object_repr": "janete",
    "action_flag": 1,
    "change_message": "[{\"added\": {}}]"
  }
},
{
  "model": "admin.logentry",
  "pk": 8,
  "fields": {
    "action_time": "2021-06-08T22:31:21.870Z",
    "user": 1,
    "content_type": 7,
    "object_id": "3",
    "object_repr": "elisayayoi",
    "action_flag": 1,
    "change_message": "[{\"added\": {}}]"
  }
},
{
  "model": "admin.logentry",
  "pk": 9,
  "fields": {
    "action_time": "2021-06-08T22:31:46.663Z",
    "user": 1,
    "content_type": 20,
    "object_id": "1",
    "object_repr": "Licitações-e",
    "action_flag": 1,
    "change_message": "[{\"added\": {}}]"
  }
},
{
  "model": "admin.logentry",
  "pk": 10,
  "fields": {
    "action_time": "2021-06-15T02:00:06.306Z",
    "user": 1,
    "content_type": 7,
    "object_id": "1",
    "object_repr": "alberto",
    "action_flag": 2,
    "change_message": "[{\"changed\": {\"fields\": [\"First name\", \"Last name\", \"Email address\"]}}]"
  }
},
{
  "model": "admin.logentry",
  "pk": 11,
  "fields": {
    "action_time": "2021-06-15T02:00:22.722Z",
    "user": 1,
    "content_type": 7,
    "object_id": "3",
    "object_repr": "elisayayoi",
    "action_flag": 2,
    "change_message": "[{\"changed\": {\"fields\": [\"First name\", \"Last name\", \"Email address\"]}}]"
  }
},
{
  "model": "admin.logentry",
  "pk": 12,
  "fields": {
    "action_time": "2021-06-15T02:02:04.299Z",
    "user": 1,
    "content_type": 7,
    "object_id": "4",
    "object_repr": "veronica",
    "action_flag": 1,
    "change_message": "[{\"added\": {}}]"
  }
},
{
  "model": "admin.logentry",
  "pk": 13,
  "fields": {
    "action_time": "2021-06-15T02:02:34.309Z",
    "user": 1,
    "content_type": 7,
    "object_id": "4",
    "object_repr": "veronica",
    "action_flag": 2,
    "change_message": "[{\"changed\": {\"fields\": [\"First name\", \"Last name\", \"Email address\"]}}]"
  }
},
{
  "model": "admin.logentry",
  "pk": 14,
  "fields": {
    "action_time": "2021-06-15T02:04:32.220Z",
    "user": 1,
    "content_type": 6,
    "object_id": "1",
    "object_repr": "Compradores",
    "action_flag": 1,
    "change_message": "[{\"added\": {}}]"
  }
},
{
  "model": "admin.logentry",
  "pk": 15,
  "fields": {
    "action_time": "2021-06-15T02:04:46.888Z",
    "user": 1,
    "content_type": 7,
    "object_id": "3",
    "object_repr": "elisayayoi",
    "action_flag": 2,
    "change_message": "[{\"changed\": {\"fields\": [\"Groups\"]}}]"
  }
},
{
  "model": "admin.logentry",
  "pk": 16,
  "fields": {
    "action_time": "2021-06-15T18:15:32.637Z",
    "user": 1,
    "content_type": 7,
    "object_id": "5",
    "object_repr": "camilalima",
    "action_flag": 1,
    "change_message": "[{\"added\": {}}]"
  }
},
{
  "model": "admin.logentry",
  "pk": 17,
  "fields": {
    "action_time": "2021-06-15T18:16:10.388Z",
    "user": 1,
    "content_type": 7,
    "object_id": "5",
    "object_repr": "camilalima",
    "action_flag": 2,
    "change_message": "[{\"changed\": {\"fields\": [\"First name\", \"Last name\", \"Email address\", \"Groups\"]}}]"
  }
},
{
  "model": "admin.logentry",
  "pk": 18,
  "fields": {
    "action_time": "2021-06-15T18:18:28.694Z",
    "user": 1,
    "content_type": 14,
    "object_id": "1",
    "object_repr": "CX - Caixa",
    "action_flag": 1,
    "change_message": "[{\"added\": {}}]"
  }
},
{
  "model": "admin.logentry",
  "pk": 19,
  "fields": {
    "action_time": "2021-06-15T18:18:35.715Z",
    "user": 1,
    "content_type": 14,
    "object_id": "2",
    "object_repr": "DI - Diária",
    "action_flag": 1,
    "change_message": "[{\"added\": {}}]"
  }
},
{
  "model": "admin.logentry",
  "pk": 20,
  "fields": {
    "action_time": "2021-06-15T18:18:42.487Z",
    "user": 1,
    "content_type": 14,
    "object_id": "3",
    "object_repr": "UN - Unidade",
    "action_flag": 1,
    "change_message": "[{\"added\": {}}]"
  }
},
{
  "model": "admin.logentry",
  "pk": 21,
  "fields": {
    "action_time": "2021-06-15T18:19:57.831Z",
    "user": 1,
    "content_type": 11,
    "object_id": "1",
    "object_repr": "Aquisição",
    "action_flag": 1,
    "change_message": "[{\"added\": {}}]"
  }
},
{
  "model": "admin.logentry",
  "pk": 22,
  "fields": {
    "action_time": "2021-06-15T18:20:09.750Z",
    "user": 1,
    "content_type": 12,
    "object_id": "1",
    "object_repr": "Água Mineral",
    "action_flag": 1,
    "change_message": "[{\"added\": {}}]"
  }
},
{
  "model": "admin.logentry",
  "pk": 23,
  "fields": {
    "action_time": "2021-06-15T18:20:16.166Z",
    "user": 1,
    "content_type": 16,
    "object_id": "1",
    "object_repr": "Aquisição - Água Mineral - Água Mineral",
    "action_flag": 1,
    "change_message": "[{\"added\": {}}]"
  }
},
{
  "model": "admin.logentry",
  "pk": 24,
  "fields": {
    "action_time": "2021-06-15T18:22:10.500Z",
    "user": 1,
    "content_type": 13,
    "object_id": "1",
    "object_repr": "Água mineral em copo de 200 ml",
    "action_flag": 1,
    "change_message": "[{\"added\": {}}]"
  }
},
{
  "model": "admin.logentry",
  "pk": 25,
  "fields": {
    "action_time": "2021-06-15T18:47:32.087Z",
    "user": 1,
    "content_type": 11,
    "object_id": "2",
    "object_repr": "Locação",
    "action_flag": 1,
    "change_message": "[{\"added\": {}}]"
  }
},
{
  "model": "admin.logentry",
  "pk": 26,
  "fields": {
    "action_time": "2021-06-15T18:47:40.782Z",
    "user": 1,
    "content_type": 12,
    "object_id": "2",
    "object_repr": "Mobiliário",
    "action_flag": 1,
    "change_message": "[{\"added\": {}}]"
  }
},
{
  "model": "admin.logentry",
  "pk": 27,
  "fields": {
    "action_time": "2021-06-15T18:47:48.201Z",
    "user": 1,
    "content_type": 16,
    "object_id": "2",
    "object_repr": "Locação - Mobiliário - Mobiliário Plástico",
    "action_flag": 1,
    "change_message": "[{\"added\": {}}]"
  }
},
{
  "model": "admin.logentry",
  "pk": 28,
  "fields": {
    "action_time": "2021-06-15T18:55:09.815Z",
    "user": 1,
    "content_type": 7,
    "object_id": "4",
    "object_repr": "veronica",
    "action_flag": 2,
    "change_message": "[{\"changed\": {\"fields\": [\"Email address\"]}}]"
  }
},
{
  "model": "admin.logentry",
  "pk": 29,
  "fields": {
    "action_time": "2021-06-15T18:57:23.234Z",
    "user": 1,
    "content_type": 7,
    "object_id": "4",
    "object_repr": "veronica",
    "action_flag": 2,
    "change_message": "[{\"changed\": {\"fields\": [\"Groups\"]}}]"
  }
},
{
  "model": "admin.logentry",
  "pk": 30,
  "fields": {
    "action_time": "2021-06-15T19:44:16.727Z",
    "user": 1,
    "content_type": 14,
    "object_id": "4",
    "object_repr": "FD - Fardo",
    "action_flag": 1,
    "change_message": "[{\"added\": {}}]"
  }
},
{
  "model": "admin.logentry",
  "pk": 31,
  "fields": {
    "action_time": "2021-06-15T21:17:56.907Z",
    "user": 1,
    "content_type": 16,
    "object_id": "3",
    "object_repr": "Locação - Mobiliário - Mobiliário Decorativo",
    "action_flag": 1,
    "change_message": "[{\"added\": {}}]"
  }
},
{
  "model": "admin.logentry",
  "pk": 32,
  "fields": {
    "action_time": "2021-06-15T21:52:50.050Z",
    "user": 1,
    "content_type": 21,
    "object_id": "4",
    "object_repr": "IL - Art. 30 \"caput\"",
    "action_flag": 1,
    "change_message": "[{\"added\": {}}]"
  }
},
{
  "model": "admin.logentry",
  "pk": 33,
  "fields": {
    "action_time": "2021-06-15T21:53:41.614Z",
    "user": 1,
    "content_type": 14,
    "object_id": "5",
    "object_repr": "SV - Serviço",
    "action_flag": 1,
    "change_message": "[{\"added\": {}}]"
  }
},
{
  "model": "admin.logentry",
  "pk": 34,
  "fields": {
    "action_time": "2021-06-21T19:52:55.486Z",
    "user": 1,
    "content_type": 26,
    "object_id": "1",
    "object_repr": "DGE",
    "action_flag": 1,
    "change_message": "[{\"added\": {}}]"
  }
},
{
  "model": "admin.logentry",
  "pk": 35,
  "fields": {
    "action_time": "2021-06-21T19:53:17.781Z",
    "user": 1,
    "content_type": 25,
    "object_id": "1",
    "object_repr": "GCO",
    "action_flag": 1,
    "change_message": "[{\"added\": {}}]"
  }
},
{
  "model": "admin.logentry",
  "pk": 36,
  "fields": {
    "action_time": "2021-06-21T19:53:36.719Z",
    "user": 1,
    "content_type": 24,
    "object_id": "1",
    "object_repr": "CCO",
    "action_flag": 1,
    "change_message": "[{\"added\": {}}]"
  }
},
{
  "model": "admin.logentry",
  "pk": 37,
  "fields": {
    "action_time": "2021-06-21T19:53:40.566Z",
    "user": 1,
    "content_type": 23,
    "object_id": "1",
    "object_repr": "DGE/GCO/CCO",
    "action_flag": 1,
    "change_message": "[{\"added\": {}}]"
  }
},
{
  "model": "admin.logentry",
  "pk": 38,
  "fields": {
    "action_time": "2021-06-21T19:53:53.307Z",
    "user": 1,
    "content_type": 23,
    "object_id": "2",
    "object_repr": "DGE/GCO",
    "action_flag": 1,
    "change_message": "[{\"added\": {}}]"
  }
},
{
  "model": "admin.logentry",
  "pk": 39,
  "fields": {
    "action_time": "2021-06-21T19:54:19.845Z",
    "user": 1,
    "content_type": 24,
    "object_id": "2",
    "object_repr": "CCN",
    "action_flag": 1,
    "change_message": "[{\"added\": {}}]"
  }
},
{
  "model": "admin.logentry",
  "pk": 40,
  "fields": {
    "action_time": "2021-06-21T19:54:23.189Z",
    "user": 1,
    "content_type": 23,
    "object_id": "3",
    "object_repr": "DGE/GCO/CCN",
    "action_flag": 1,
    "change_message": "[{\"added\": {}}]"
  }
},
{
  "model": "admin.logentry",
  "pk": 41,
  "fields": {
    "action_time": "2021-06-21T19:54:48.353Z",
    "user": 1,
    "content_type": 25,
    "object_id": "2",
    "object_repr": "GPC",
    "action_flag": 1,
    "change_message": "[{\"added\": {}}]"
  }
},
{
  "model": "admin.logentry",
  "pk": 42,
  "fields": {
    "action_time": "2021-06-21T19:54:51.841Z",
    "user": 1,
    "content_type": 23,
    "object_id": "4",
    "object_repr": "DGE/GPC",
    "action_flag": 1,
    "change_message": "[{\"added\": {}}]"
  }
},
{
  "model": "admin.logentry",
  "pk": 43,
  "fields": {
    "action_time": "2021-06-21T19:56:23.780Z",
    "user": 1,
    "content_type": 26,
    "object_id": "2",
    "object_repr": "DCE",
    "action_flag": 1,
    "change_message": "[{\"added\": {}}]"
  }
},
{
  "model": "admin.logentry",
  "pk": 44,
  "fields": {
    "action_time": "2021-06-21T19:56:28.419Z",
    "user": 1,
    "content_type": 23,
    "object_id": "5",
    "object_repr": "DCE",
    "action_flag": 1,
    "change_message": "[{\"added\": {}}]"
  }
},
{
  "model": "admin.logentry",
  "pk": 45,
  "fields": {
    "action_time": "2021-06-21T19:56:41.594Z",
    "user": 1,
    "content_type": 23,
    "object_id": "6",
    "object_repr": "DGE",
    "action_flag": 1,
    "change_message": "[{\"added\": {}}]"
  }
},
{
  "model": "admin.logentry",
  "pk": 46,
  "fields": {
    "action_time": "2021-06-21T19:59:24.737Z",
    "user": 1,
    "content_type": 25,
    "object_id": "3",
    "object_repr": "GEV",
    "action_flag": 1,
    "change_message": "[{\"added\": {}}]"
  }
},
{
  "model": "admin.logentry",
  "pk": 47,
  "fields": {
    "action_time": "2021-06-21T19:59:29.144Z",
    "user": 1,
    "content_type": 23,
    "object_id": "7",
    "object_repr": "DCE/GEV",
    "action_flag": 1,
    "change_message": "[{\"added\": {}}]"
  }
},
{
  "model": "admin.logentry",
  "pk": 48,
  "fields": {
    "action_time": "2021-06-21T20:01:11.656Z",
    "user": 1,
    "content_type": 25,
    "object_id": "4",
    "object_repr": "GPE",
    "action_flag": 1,
    "change_message": "[{\"added\": {}}]"
  }
},
{
  "model": "admin.logentry",
  "pk": 49,
  "fields": {
    "action_time": "2021-06-21T20:01:23.945Z",
    "user": 1,
    "content_type": 23,
    "object_id": "8",
    "object_repr": "DCE/GPE",
    "action_flag": 1,
    "change_message": "[{\"added\": {}}]"
  }
},
{
  "model": "admin.logentry",
  "pk": 50,
  "fields": {
    "action_time": "2021-06-21T20:02:13.758Z",
    "user": 1,
    "content_type": 26,
    "object_id": "3",
    "object_repr": "DNE",
    "action_flag": 1,
    "change_message": "[{\"added\": {}}]"
  }
},
{
  "model": "admin.logentry",
  "pk": 51,
  "fields": {
    "action_time": "2021-06-21T20:02:16.739Z",
    "user": 1,
    "content_type": 23,
    "object_id": "9",
    "object_repr": "DNE",
    "action_flag": 1,
    "change_message": "[{\"added\": {}}]"
  }
},
{
  "model": "admin.logentry",
  "pk": 52,
  "fields": {
    "action_time": "2021-06-21T20:02:52.757Z",
    "user": 1,
    "content_type": 25,
    "object_id": "5",
    "object_repr": "GEM",
    "action_flag": 1,
    "change_message": "[{\"added\": {}}]"
  }
},
{
  "model": "admin.logentry",
  "pk": 53,
  "fields": {
    "action_time": "2021-06-21T20:03:04.282Z",
    "user": 1,
    "content_type": 23,
    "object_id": "10",
    "object_repr": "DNE/GEM",
    "action_flag": 1,
    "change_message": "[{\"added\": {}}]"
  }
},
{
  "model": "admin.logentry",
  "pk": 54,
  "fields": {
    "action_time": "2021-06-21T20:03:40.562Z",
    "user": 1,
    "content_type": 26,
    "object_id": "4",
    "object_repr": "DJC",
    "action_flag": 1,
    "change_message": "[{\"added\": {}}]"
  }
},
{
  "model": "admin.logentry",
  "pk": 55,
  "fields": {
    "action_time": "2021-06-21T20:03:44.095Z",
    "user": 1,
    "content_type": 23,
    "object_id": "11",
    "object_repr": "DJC",
    "action_flag": 1,
    "change_message": "[{\"added\": {}}]"
  }
},
{
  "model": "admin.logentry",
  "pk": 56,
  "fields": {
    "action_time": "2021-06-21T20:04:24.448Z",
    "user": 1,
    "content_type": 25,
    "object_id": "6",
    "object_repr": "GM",
    "action_flag": 1,
    "change_message": "[{\"added\": {}}]"
  }
},
{
  "model": "admin.logentry",
  "pk": 57,
  "fields": {
    "action_time": "2021-06-21T20:04:27.314Z",
    "user": 1,
    "content_type": 23,
    "object_id": "12",
    "object_repr": "DNE/GM",
    "action_flag": 1,
    "change_message": "[{\"added\": {}}]"
  }
},
{
  "model": "admin.logentry",
  "pk": 58,
  "fields": {
    "action_time": "2021-06-21T20:05:02.543Z",
    "user": 1,
    "content_type": 25,
    "object_id": "7",
    "object_repr": "GDC",
    "action_flag": 1,
    "change_message": "[{\"added\": {}}]"
  }
},
{
  "model": "admin.logentry",
  "pk": 59,
  "fields": {
    "action_time": "2021-06-21T20:05:05.596Z",
    "user": 1,
    "content_type": 23,
    "object_id": "13",
    "object_repr": "DGE/GDC",
    "action_flag": 1,
    "change_message": "[{\"added\": {}}]"
  }
},
{
  "model": "admin.logentry",
  "pk": 60,
  "fields": {
    "action_time": "2021-06-21T20:05:54.433Z",
    "user": 1,
    "content_type": 25,
    "object_id": "8",
    "object_repr": "GTI",
    "action_flag": 1,
    "change_message": "[{\"added\": {}}]"
  }
},
{
  "model": "admin.logentry",
  "pk": 61,
  "fields": {
    "action_time": "2021-06-21T20:05:57.078Z",
    "user": 1,
    "content_type": 23,
    "object_id": "14",
    "object_repr": "DGE/GTI",
    "action_flag": 1,
    "change_message": "[{\"added\": {}}]"
  }
},
{
  "model": "admin.logentry",
  "pk": 62,
  "fields": {
    "action_time": "2021-06-21T20:07:10.296Z",
    "user": 1,
    "content_type": 25,
    "object_id": "9",
    "object_repr": "AP",
    "action_flag": 1,
    "change_message": "[{\"added\": {}}]"
  }
},
{
  "model": "admin.logentry",
  "pk": 63,
  "fields": {
    "action_time": "2021-06-21T20:07:12.672Z",
    "user": 1,
    "content_type": 23,
    "object_id": "15",
    "object_repr": "DGE/AP",
    "action_flag": 1,
    "change_message": "[{\"added\": {}}]"
  }
},
{
  "model": "admin.logentry",
  "pk": 64,
  "fields": {
    "action_time": "2021-06-21T20:07:57.432Z",
    "user": 1,
    "content_type": 26,
    "object_id": "5",
    "object_repr": "CHG",
    "action_flag": 1,
    "change_message": "[{\"added\": {}}]"
  }
},
{
  "model": "admin.logentry",
  "pk": 65,
  "fields": {
    "action_time": "2021-06-21T20:08:01.446Z",
    "user": 1,
    "content_type": 23,
    "object_id": "16",
    "object_repr": "CHG",
    "action_flag": 1,
    "change_message": "[{\"added\": {}}]"
  }
},
{
  "model": "admin.logentry",
  "pk": 66,
  "fields": {
    "action_time": "2021-06-21T20:09:09.690Z",
    "user": 1,
    "content_type": 25,
    "object_id": "10",
    "object_repr": "GGR",
    "action_flag": 1,
    "change_message": "[{\"added\": {}}]"
  }
},
{
  "model": "admin.logentry",
  "pk": 67,
  "fields": {
    "action_time": "2021-06-21T20:09:13.956Z",
    "user": 1,
    "content_type": 23,
    "object_id": "17",
    "object_repr": "DJC/GGR",
    "action_flag": 1,
    "change_message": "[{\"added\": {}}]"
  }
},
{
  "model": "admin.logentry",
  "pk": 68,
  "fields": {
    "action_time": "2021-06-21T20:10:00.691Z",
    "user": 1,
    "content_type": 25,
    "object_id": "11",
    "object_repr": "GIN",
    "action_flag": 1,
    "change_message": "[{\"added\": {}}]"
  }
},
{
  "model": "admin.logentry",
  "pk": 69,
  "fields": {
    "action_time": "2021-06-21T20:10:02.980Z",
    "user": 1,
    "content_type": 23,
    "object_id": "18",
    "object_repr": "DJC/GIN",
    "action_flag": 1,
    "change_message": "[{\"added\": {}}]"
  }
},
{
  "model": "admin.logentry",
  "pk": 70,
  "fields": {
    "action_time": "2021-06-21T20:10:47.785Z",
    "user": 1,
    "content_type": 25,
    "object_id": "12",
    "object_repr": "GJU",
    "action_flag": 1,
    "change_message": "[{\"added\": {}}]"
  }
},
{
  "model": "admin.logentry",
  "pk": 71,
  "fields": {
    "action_time": "2021-06-21T20:10:50.456Z",
    "user": 1,
    "content_type": 23,
    "object_id": "19",
    "object_repr": "DJC/GJU",
    "action_flag": 1,
    "change_message": "[{\"added\": {}}]"
  }
},
{
  "model": "admin.logentry",
  "pk": 72,
  "fields": {
    "action_time": "2021-06-21T20:11:23.399Z",
    "user": 1,
    "content_type": 24,
    "object_id": "3",
    "object_repr": "CJL",
    "action_flag": 1,
    "change_message": "[{\"added\": {}}]"
  }
},
{
  "model": "admin.logentry",
  "pk": 73,
  "fields": {
    "action_time": "2021-06-21T20:11:26.059Z",
    "user": 1,
    "content_type": 23,
    "object_id": "20",
    "object_repr": "DJC/GJU/CJL",
    "action_flag": 1,
    "change_message": "[{\"added\": {}}]"
  }
},
{
  "model": "admin.logentry",
  "pk": 74,
  "fields": {
    "action_time": "2021-06-21T20:12:18.812Z",
    "user": 1,
    "content_type": 24,
    "object_id": "4",
    "object_repr": "CJE",
    "action_flag": 1,
    "change_message": "[{\"added\": {}}]"
  }
},
{
  "model": "admin.logentry",
  "pk": 75,
  "fields": {
    "action_time": "2021-06-21T20:12:21.474Z",
    "user": 1,
    "content_type": 23,
    "object_id": "21",
    "object_repr": "DJC/GJU/CJE",
    "action_flag": 1,
    "change_message": "[{\"added\": {}}]"
  }
},
{
  "model": "admin.logentry",
  "pk": 76,
  "fields": {
    "action_time": "2021-06-21T20:13:14.883Z",
    "user": 1,
    "content_type": 24,
    "object_id": "5",
    "object_repr": "CCT",
    "action_flag": 1,
    "change_message": "[{\"added\": {}}]"
  }
},
{
  "model": "admin.logentry",
  "pk": 77,
  "fields": {
    "action_time": "2021-06-21T20:13:17.524Z",
    "user": 1,
    "content_type": 23,
    "object_id": "22",
    "object_repr": "DGE/GDC/CCT",
    "action_flag": 1,
    "change_message": "[{\"added\": {}}]"
  }
},
{
  "model": "admin.logentry",
  "pk": 78,
  "fields": {
    "action_time": "2021-06-21T20:14:20.768Z",
    "user": 1,
    "content_type": 24,
    "object_id": "6",
    "object_repr": "CAR",
    "action_flag": 1,
    "change_message": "[{\"added\": {}}]"
  }
},
{
  "model": "admin.logentry",
  "pk": 79,
  "fields": {
    "action_time": "2021-06-21T20:14:23.164Z",
    "user": 1,
    "content_type": 23,
    "object_id": "23",
    "object_repr": "DGE/GDC/CAR",
    "action_flag": 1,
    "change_message": "[{\"added\": {}}]"
  }
},
{
  "model": "admin.logentry",
  "pk": 80,
  "fields": {
    "action_time": "2021-06-21T20:15:04.365Z",
    "user": 1,
    "content_type": 24,
    "object_id": "7",
    "object_repr": "CFI",
    "action_flag": 1,
    "change_message": "[{\"added\": {}}]"
  }
},
{
  "model": "admin.logentry",
  "pk": 81,
  "fields": {
    "action_time": "2021-06-21T20:15:22.200Z",
    "user": 1,
    "content_type": 23,
    "object_id": "24",
    "object_repr": "DGE/GDC/CFI",
    "action_flag": 1,
    "change_message": "[{\"added\": {}}]"
  }
},
{
  "model": "admin.logentry",
  "pk": 82,
  "fields": {
    "action_time": "2021-06-21T20:15:57.435Z",
    "user": 1,
    "content_type": 24,
    "object_id": "8",
    "object_repr": "CPC",
    "action_flag": 1,
    "change_message": "[{\"added\": {}}]"
  }
},
{
  "model": "admin.logentry",
  "pk": 83,
  "fields": {
    "action_time": "2021-06-21T20:15:59.456Z",
    "user": 1,
    "content_type": 23,
    "object_id": "25",
    "object_repr": "DGE/GPC/CPC",
    "action_flag": 1,
    "change_message": "[{\"added\": {}}]"
  }
},
{
  "model": "admin.logentry",
  "pk": 84,
  "fields": {
    "action_time": "2021-06-21T20:16:39.453Z",
    "user": 1,
    "content_type": 25,
    "object_id": "13",
    "object_repr": "GAE",
    "action_flag": 1,
    "change_message": "[{\"added\": {}}]"
  }
},
{
  "model": "admin.logentry",
  "pk": 85,
  "fields": {
    "action_time": "2021-06-21T20:16:41.546Z",
    "user": 1,
    "content_type": 23,
    "object_id": "26",
    "object_repr": "DNE/GAE",
    "action_flag": 1,
    "change_message": "[{\"added\": {}}]"
  }
},
{
  "model": "admin.logentry",
  "pk": 86,
  "fields": {
    "action_time": "2021-06-21T20:17:20.705Z",
    "user": 1,
    "content_type": 24,
    "object_id": "9",
    "object_repr": "CME",
    "action_flag": 1,
    "change_message": "[{\"added\": {}}]"
  }
},
{
  "model": "admin.logentry",
  "pk": 87,
  "fields": {
    "action_time": "2021-06-21T20:17:24.253Z",
    "user": 1,
    "content_type": 23,
    "object_id": "27",
    "object_repr": "DNE/GEM/CME",
    "action_flag": 1,
    "change_message": "[{\"added\": {}}]"
  }
},
{
  "model": "admin.logentry",
  "pk": 88,
  "fields": {
    "action_time": "2021-06-21T20:17:51.376Z",
    "user": 1,
    "content_type": 25,
    "object_id": "14",
    "object_repr": "GOP",
    "action_flag": 1,
    "change_message": "[{\"added\": {}}]"
  }
},
{
  "model": "admin.logentry",
  "pk": 89,
  "fields": {
    "action_time": "2021-06-21T20:17:54.241Z",
    "user": 1,
    "content_type": 23,
    "object_id": "28",
    "object_repr": "DNE/GOP",
    "action_flag": 1,
    "change_message": "[{\"added\": {}}]"
  }
},
{
  "model": "admin.logentry",
  "pk": 90,
  "fields": {
    "action_time": "2021-06-21T20:18:46.014Z",
    "user": 1,
    "content_type": 25,
    "object_id": "15",
    "object_repr": "GT",
    "action_flag": 1,
    "change_message": "[{\"added\": {}}]"
  }
},
{
  "model": "admin.logentry",
  "pk": 91,
  "fields": {
    "action_time": "2021-06-21T20:18:48.692Z",
    "user": 1,
    "content_type": 23,
    "object_id": "29",
    "object_repr": "DNE/GT",
    "action_flag": 1,
    "change_message": "[{\"added\": {}}]"
  }
},
{
  "model": "admin.logentry",
  "pk": 92,
  "fields": {
    "action_time": "2021-06-21T20:19:48.370Z",
    "user": 1,
    "content_type": 26,
    "object_id": "6",
    "object_repr": "DPR",
    "action_flag": 1,
    "change_message": "[{\"added\": {}}]"
  }
},
{
  "model": "admin.logentry",
  "pk": 93,
  "fields": {
    "action_time": "2021-06-21T20:20:09.038Z",
    "user": 1,
    "content_type": 23,
    "object_id": "30",
    "object_repr": "DPR",
    "action_flag": 1,
    "change_message": "[{\"added\": {}}]"
  }
},
{
  "model": "admin.logentry",
  "pk": 94,
  "fields": {
    "action_time": "2021-06-21T20:20:26.431Z",
    "user": 1,
    "content_type": 25,
    "object_id": "16",
    "object_repr": "GCM",
    "action_flag": 1,
    "change_message": "[{\"added\": {}}]"
  }
},
{
  "model": "admin.logentry",
  "pk": 95,
  "fields": {
    "action_time": "2021-06-21T20:20:29.064Z",
    "user": 1,
    "content_type": 23,
    "object_id": "31",
    "object_repr": "DPR/GCM",
    "action_flag": 1,
    "change_message": "[{\"added\": {}}]"
  }
},
{
  "model": "admin.logentry",
  "pk": 96,
  "fields": {
    "action_time": "2021-06-21T20:21:06.978Z",
    "user": 1,
    "content_type": 26,
    "object_id": "7",
    "object_repr": "DRE",
    "action_flag": 1,
    "change_message": "[{\"added\": {}}]"
  }
},
{
  "model": "admin.logentry",
  "pk": 97,
  "fields": {
    "action_time": "2021-06-21T20:21:11.278Z",
    "user": 1,
    "content_type": 23,
    "object_id": "32",
    "object_repr": "DRE",
    "action_flag": 1,
    "change_message": "[{\"added\": {}}]"
  }
},
{
  "model": "admin.logentry",
  "pk": 98,
  "fields": {
    "action_time": "2021-06-21T20:21:35.639Z",
    "user": 1,
    "content_type": 26,
    "object_id": "8",
    "object_repr": "DTR",
    "action_flag": 1,
    "change_message": "[{\"added\": {}}]"
  }
},
{
  "model": "admin.logentry",
  "pk": 99,
  "fields": {
    "action_time": "2021-06-21T20:21:38.793Z",
    "user": 1,
    "content_type": 23,
    "object_id": "33",
    "object_repr": "DTR",
    "action_flag": 1,
    "change_message": "[{\"added\": {}}]"
  }
},
{
  "model": "admin.logentry",
  "pk": 100,
  "fields": {
    "action_time": "2021-06-21T20:22:22.015Z",
    "user": 1,
    "content_type": 25,
    "object_id": "17",
    "object_repr": "GDP",
    "action_flag": 1,
    "change_message": "[{\"added\": {}}]"
  }
},
{
  "model": "admin.logentry",
  "pk": 101,
  "fields": {
    "action_time": "2021-06-21T20:22:24.891Z",
    "user": 1,
    "content_type": 23,
    "object_id": "34",
    "object_repr": "DTR/GDP",
    "action_flag": 1,
    "change_message": "[{\"added\": {}}]"
  }
},
{
  "model": "admin.logentry",
  "pk": 102,
  "fields": {
    "action_time": "2021-06-21T20:22:56.893Z",
    "user": 1,
    "content_type": 25,
    "object_id": "18",
    "object_repr": "GTU",
    "action_flag": 1,
    "change_message": "[{\"added\": {}}]"
  }
},
{
  "model": "admin.logentry",
  "pk": 103,
  "fields": {
    "action_time": "2021-06-21T20:22:59.785Z",
    "user": 1,
    "content_type": 23,
    "object_id": "35",
    "object_repr": "DTR/GTU",
    "action_flag": 1,
    "change_message": "[{\"added\": {}}]"
  }
},
{
  "model": "admin.logentry",
  "pk": 104,
  "fields": {
    "action_time": "2021-06-21T20:30:32.063Z",
    "user": 1,
    "content_type": 27,
    "object_id": "1",
    "object_repr": "Chefe da Coordenadoria de Compras",
    "action_flag": 1,
    "change_message": "[{\"added\": {}}]"
  }
},
{
  "model": "admin.logentry",
  "pk": 105,
  "fields": {
    "action_time": "2021-06-21T20:30:39.128Z",
    "user": 1,
    "content_type": 28,
    "object_id": "1",
    "object_repr": "Alberto Ocroche",
    "action_flag": 1,
    "change_message": "[{\"added\": {}}]"
  }
},
{
  "model": "admin.logentry",
  "pk": 106,
  "fields": {
    "action_time": "2021-06-21T20:31:13.377Z",
    "user": 1,
    "content_type": 27,
    "object_id": "2",
    "object_repr": "Analista Administrativo - Compras e Contratos",
    "action_flag": 1,
    "change_message": "[{\"added\": {}}]"
  }
},
{
  "model": "admin.logentry",
  "pk": 107,
  "fields": {
    "action_time": "2021-06-21T20:31:15.666Z",
    "user": 1,
    "content_type": 28,
    "object_id": "3",
    "object_repr": "Elisa Utimura",
    "action_flag": 1,
    "change_message": "[{\"added\": {}}]"
  }
},
{
  "model": "admin.logentry",
  "pk": 108,
  "fields": {
    "action_time": "2021-06-21T20:31:50.472Z",
    "user": 1,
    "content_type": 27,
    "object_id": "3",
    "object_repr": "Chefe da Coordenadoria de Planejamento e Controle",
    "action_flag": 1,
    "change_message": "[{\"added\": {}}]"
  }
},
{
  "model": "admin.logentry",
  "pk": 109,
  "fields": {
    "action_time": "2021-06-21T20:31:54.223Z",
    "user": 1,
    "content_type": 28,
    "object_id": "2",
    "object_repr": " ",
    "action_flag": 1,
    "change_message": "[{\"added\": {}}]"
  }
},
{
  "model": "admin.logentry",
  "pk": 110,
  "fields": {
    "action_time": "2021-06-21T20:32:26.400Z",
    "user": 1,
    "content_type": 27,
    "object_id": "4",
    "object_repr": "Secretária",
    "action_flag": 1,
    "change_message": "[{\"added\": {}}]"
  }
},
{
  "model": "admin.logentry",
  "pk": 111,
  "fields": {
    "action_time": "2021-06-21T20:32:28.659Z",
    "user": 1,
    "content_type": 28,
    "object_id": "5",
    "object_repr": "Camila Lima",
    "action_flag": 1,
    "change_message": "[{\"added\": {}}]"
  }
},
{
  "model": "admin.logentry",
  "pk": 112,
  "fields": {
    "action_time": "2021-06-21T20:33:20.287Z",
    "user": 1,
    "content_type": 7,
    "object_id": "2",
    "object_repr": "janete",
    "action_flag": 2,
    "change_message": "[{\"changed\": {\"fields\": [\"First name\", \"Last name\", \"Email address\"]}}]"
  }
},
{
  "model": "admin.logentry",
  "pk": 113,
  "fields": {
    "action_time": "2021-06-21T20:35:36.680Z",
    "user": 1,
    "content_type": 30,
    "object_id": "1",
    "object_repr": "20201001 - Eventos - DEV",
    "action_flag": 1,
    "change_message": "[{\"added\": {}}]"
  }
},
{
  "model": "admin.logentry",
  "pk": 114,
  "fields": {
    "action_time": "2021-06-21T20:36:23.278Z",
    "user": 1,
    "content_type": 29,
    "object_id": "1",
    "object_repr": "304010201 - Custos com serviços prestados",
    "action_flag": 1,
    "change_message": "[{\"added\": {}}]"
  }
},
{
  "model": "admin.logentry",
  "pk": 115,
  "fields": {
    "action_time": "2021-06-21T20:42:40.276Z",
    "user": 1,
    "content_type": 14,
    "object_id": "6",
    "object_repr": "PO - Posto",
    "action_flag": 1,
    "change_message": "[{\"added\": {}}]"
  }
},
{
  "model": "admin.logentry",
  "pk": 116,
  "fields": {
    "action_time": "2021-06-21T20:48:05.669Z",
    "user": 1,
    "content_type": 17,
    "object_id": "3",
    "object_repr": "2 - Mesa plástica redonda",
    "action_flag": 3,
    "change_message": ""
  }
},
{
  "model": "admin.logentry",
  "pk": 117,
  "fields": {
    "action_time": "2021-06-21T20:48:05.671Z",
    "user": 1,
    "content_type": 17,
    "object_id": "2",
    "object_repr": "1 - Cadeira Plástica sem braço",
    "action_flag": 3,
    "change_message": ""
  }
},
{
  "model": "admin.logentry",
  "pk": 118,
  "fields": {
    "action_time": "2021-06-21T20:48:05.672Z",
    "user": 1,
    "content_type": 17,
    "object_id": "1",
    "object_repr": "1 - Mesa plástica quadrada",
    "action_flag": 3,
    "change_message": ""
  }
},
{
  "model": "admin.logentry",
  "pk": 119,
  "fields": {
    "action_time": "2021-06-21T20:48:22.375Z",
    "user": 1,
    "content_type": 18,
    "object_id": "4",
    "object_repr": "9187 - None",
    "action_flag": 3,
    "change_message": ""
  }
},
{
  "model": "admin.logentry",
  "pk": 120,
  "fields": {
    "action_time": "2021-06-21T20:48:22.377Z",
    "user": 1,
    "content_type": 18,
    "object_id": "3",
    "object_repr": "8404 - None",
    "action_flag": 3,
    "change_message": ""
  }
},
{
  "model": "admin.logentry",
  "pk": 121,
  "fields": {
    "action_time": "2021-06-21T20:48:22.379Z",
    "user": 1,
    "content_type": 18,
    "object_id": "2",
    "object_repr": "8153 - None",
    "action_flag": 3,
    "change_message": ""
  }
},
{
  "model": "admin.logentry",
  "pk": 122,
  "fields": {
    "action_time": "2021-06-21T20:48:22.380Z",
    "user": 1,
    "content_type": 18,
    "object_id": "1",
    "object_repr": "008443 - None",
    "action_flag": 3,
    "change_message": ""
  }
},
{
  "model": "admin.logentry",
  "pk": 123,
  "fields": {
    "action_time": "2021-06-21T20:49:04.605Z",
    "user": 1,
    "content_type": 13,
    "object_id": "2",
    "object_repr": "Cadeira Plástica sem braço",
    "action_flag": 3,
    "change_message": ""
  }
},
{
  "model": "admin.logentry",
  "pk": 124,
  "fields": {
    "action_time": "2021-06-21T20:49:04.607Z",
    "user": 1,
    "content_type": 13,
    "object_id": "3",
    "object_repr": "Mesa plástica quadrada",
    "action_flag": 3,
    "change_message": ""
  }
},
{
  "model": "admin.logentry",
  "pk": 125,
  "fields": {
    "action_time": "2021-06-21T20:49:04.608Z",
    "user": 1,
    "content_type": 13,
    "object_id": "4",
    "object_repr": "Mesa plástica redonda",
    "action_flag": 3,
    "change_message": ""
  }
},
{
  "model": "admin.logentry",
  "pk": 126,
  "fields": {
    "action_time": "2021-06-21T20:49:04.609Z",
    "user": 1,
    "content_type": 13,
    "object_id": "8",
    "object_repr": "Poltrona",
    "action_flag": 3,
    "change_message": ""
  }
},
{
  "model": "admin.logentry",
  "pk": 127,
  "fields": {
    "action_time": "2021-06-21T20:49:04.610Z",
    "user": 1,
    "content_type": 13,
    "object_id": "7",
    "object_repr": "Água mineral com gás 600ml",
    "action_flag": 3,
    "change_message": ""
  }
},
{
  "model": "admin.logentry",
  "pk": 128,
  "fields": {
    "action_time": "2021-06-21T20:49:04.612Z",
    "user": 1,
    "content_type": 13,
    "object_id": "6",
    "object_repr": "Água mineral em bombona 20l",
    "action_flag": 3,
    "change_message": ""
  }
},
{
  "model": "admin.logentry",
  "pk": 129,
  "fields": {
    "action_time": "2021-06-21T20:49:04.613Z",
    "user": 1,
    "content_type": 13,
    "object_id": "1",
    "object_repr": "Água mineral em copo de 200 ml",
    "action_flag": 3,
    "change_message": ""
  }
},
{
  "model": "admin.logentry",
  "pk": 130,
  "fields": {
    "action_time": "2021-06-21T20:49:04.614Z",
    "user": 1,
    "content_type": 13,
    "object_id": "5",
    "object_repr": "Água mineral em garrafa 1,5l",
    "action_flag": 3,
    "change_message": ""
  }
},
{
  "model": "admin.logentry",
  "pk": 131,
  "fields": {
    "action_time": "2021-06-21T20:55:39.137Z",
    "user": 1,
    "content_type": 13,
    "object_id": "17",
    "object_repr": "Apoio Operacional",
    "action_flag": 1,
    "change_message": "[{\"added\": {}}]"
  }
},
{
  "model": "admin.logentry",
  "pk": 132,
  "fields": {
    "action_time": "2021-06-21T20:56:20.528Z",
    "user": 1,
    "content_type": 13,
    "object_id": "18",
    "object_repr": "Arquibancada tipo A - 16m x 10and",
    "action_flag": 1,
    "change_message": "[{\"added\": {}}]"
  }
},
{
  "model": "admin.logentry",
  "pk": 133,
  "fields": {
    "action_time": "2021-06-21T20:56:54.407Z",
    "user": 1,
    "content_type": 13,
    "object_id": "19",
    "object_repr": "Arquibancada tipo B - 10m x 7and",
    "action_flag": 1,
    "change_message": "[{\"added\": {}}]"
  }
},
{
  "model": "admin.logentry",
  "pk": 134,
  "fields": {
    "action_time": "2021-06-21T20:57:29.177Z",
    "user": 1,
    "content_type": 13,
    "object_id": "20",
    "object_repr": "Arquibancada tipo C - 12,5m x 3and",
    "action_flag": 1,
    "change_message": "[{\"added\": {}}]"
  }
},
{
  "model": "admin.logentry",
  "pk": 135,
  "fields": {
    "action_time": "2021-06-21T20:57:58.405Z",
    "user": 1,
    "content_type": 13,
    "object_id": "21",
    "object_repr": "Assistente de Palco",
    "action_flag": 1,
    "change_message": "[{\"added\": {}}]"
  }
},
{
  "model": "admin.logentry",
  "pk": 136,
  "fields": {
    "action_time": "2021-06-21T20:59:04.144Z",
    "user": 1,
    "content_type": 13,
    "object_id": "22",
    "object_repr": "Automóvel - Carro de Passeio",
    "action_flag": 1,
    "change_message": "[{\"added\": {}}]"
  }
},
{
  "model": "admin.logentry",
  "pk": 137,
  "fields": {
    "action_time": "2021-06-21T20:59:44.793Z",
    "user": 1,
    "content_type": 13,
    "object_id": "23",
    "object_repr": "Automóvel - Carro Executivo",
    "action_flag": 1,
    "change_message": "[{\"added\": {}}]"
  }
},
{
  "model": "admin.logentry",
  "pk": 138,
  "fields": {
    "action_time": "2021-06-21T21:05:16.283Z",
    "user": 1,
    "content_type": 22,
    "object_id": "6",
    "object_repr": "7210.2021/0000040-2 - Canetas personalizadas",
    "action_flag": 3,
    "change_message": ""
  }
},
{
  "model": "admin.logentry",
  "pk": 139,
  "fields": {
    "action_time": "2021-06-21T21:05:16.285Z",
    "user": 1,
    "content_type": 22,
    "object_id": "3",
    "object_repr": "7210.2021/0001691-0 - Seguro para Notebook",
    "action_flag": 3,
    "change_message": ""
  }
},
{
  "model": "admin.logentry",
  "pk": 140,
  "fields": {
    "action_time": "2021-06-21T21:05:16.286Z",
    "user": 1,
    "content_type": 22,
    "object_id": "5",
    "object_repr": "7210.2021/0000642-3 - Lâmpadas",
    "action_flag": 3,
    "change_message": ""
  }
},
{
  "model": "admin.logentry",
  "pk": 141,
  "fields": {
    "action_time": "2021-06-21T21:05:16.287Z",
    "user": 1,
    "content_type": 22,
    "object_id": "2",
    "object_repr": "7210.2021/0000999-0 - Apoio Operacional",
    "action_flag": 3,
    "change_message": ""
  }
},
{
  "model": "admin.logentry",
  "pk": 142,
  "fields": {
    "action_time": "2021-06-21T21:05:16.288Z",
    "user": 1,
    "content_type": 22,
    "object_id": "1",
    "object_repr": "7210.2021/0000635-3 - Locação de Veículo",
    "action_flag": 3,
    "change_message": ""
  }
},
{
  "model": "admin.logentry",
  "pk": 143,
  "fields": {
    "action_time": "2021-06-21T21:05:16.289Z",
    "user": 1,
    "content_type": 22,
    "object_id": "7",
    "object_repr": "7210.2021/0001071-2 - Aquisição de Água Mineral",
    "action_flag": 3,
    "change_message": ""
  }
},
{
  "model": "admin.logentry",
  "pk": 144,
  "fields": {
    "action_time": "2021-06-21T21:05:16.290Z",
    "user": 1,
    "content_type": 22,
    "object_id": "4",
    "object_repr": "0219/20 - Contratação Liga Carnaval 2021",
    "action_flag": 3,
    "change_message": ""
  }
},
{
  "model": "admin.logentry",
  "pk": 145,
  "fields": {
    "action_time": "2021-06-21T21:05:40.795Z",
    "user": 1,
    "content_type": 19,
    "object_id": "4",
    "object_repr": "0219/20 - Contratação Liga Carnaval 2021",
    "action_flag": 3,
    "change_message": ""
  }
},
{
  "model": "admin.logentry",
  "pk": 146,
  "fields": {
    "action_time": "2021-06-21T21:05:40.797Z",
    "user": 1,
    "content_type": 19,
    "object_id": "6",
    "object_repr": "7210.2021/0000040-2 - Canetas personalizadas",
    "action_flag": 3,
    "change_message": ""
  }
},
{
  "model": "admin.logentry",
  "pk": 147,
  "fields": {
    "action_time": "2021-06-21T21:05:40.799Z",
    "user": 1,
    "content_type": 19,
    "object_id": "1",
    "object_repr": "7210.2021/0000635-3 - Locação de Veículo",
    "action_flag": 3,
    "change_message": ""
  }
},
{
  "model": "admin.logentry",
  "pk": 148,
  "fields": {
    "action_time": "2021-06-21T21:05:40.800Z",
    "user": 1,
    "content_type": 19,
    "object_id": "5",
    "object_repr": "7210.2021/0000642-3 - Lâmpadas",
    "action_flag": 3,
    "change_message": ""
  }
},
{
  "model": "admin.logentry",
  "pk": 149,
  "fields": {
    "action_time": "2021-06-21T21:05:40.801Z",
    "user": 1,
    "content_type": 19,
    "object_id": "2",
    "object_repr": "7210.2021/0000999-0 - Apoio Operacional",
    "action_flag": 3,
    "change_message": ""
  }
},
{
  "model": "admin.logentry",
  "pk": 150,
  "fields": {
    "action_time": "2021-06-21T21:05:40.801Z",
    "user": 1,
    "content_type": 19,
    "object_id": "7",
    "object_repr": "7210.2021/0001071-2 - Aquisição de Água Mineral",
    "action_flag": 3,
    "change_message": ""
  }
},
{
  "model": "admin.logentry",
  "pk": 151,
  "fields": {
    "action_time": "2021-06-21T21:05:40.802Z",
    "user": 1,
    "content_type": 19,
    "object_id": "3",
    "object_repr": "7210.2021/0001691-0 - Seguro para Notebook",
    "action_flag": 3,
    "change_message": ""
  }
},
{
  "model": "admin.logentry",
  "pk": 152,
  "fields": {
    "action_time": "2021-06-22T22:08:08.471Z",
    "user": 1,
    "content_type": 33,
    "object_id": "1",
    "object_repr": "25.112.012/0001-64 - Eventos AVA Ltda",
    "action_flag": 1,
    "change_message": "[{\"added\": {}}]"
  }
},
{
  "model": "admin.logentry",
  "pk": 153,
  "fields": {
    "action_time": "2021-06-27T16:40:03.669Z",
    "user": 1,
    "content_type": 31,
    "object_id": "1",
    "object_repr": "Pessoa object (1)",
    "action_flag": 3,
    "change_message": ""
  }
},
{
  "model": "admin.logentry",
  "pk": 154,
  "fields": {
    "action_time": "2021-07-06T16:59:54.197Z",
    "user": 1,
    "content_type": 35,
    "object_id": "1",
    "object_repr": "0001/2021 - Contratação de serviço de água e café",
    "action_flag": 3,
    "change_message": ""
  }
},
{
  "model": "admin.logentry",
  "pk": 155,
  "fields": {
    "action_time": "2021-07-06T16:59:54.200Z",
    "user": 1,
    "content_type": 35,
    "object_id": "2",
    "object_repr": "0078/2021 - Contratação de serviço de guia de turismo bilíngue para atendimento a diversos eventos no período de maio a dezembro de 2021",
    "action_flag": 3,
    "change_message": ""
  }
},
{
  "model": "admin.logentry",
  "pk": 156,
  "fields": {
    "action_time": "2021-07-06T18:43:56.034Z",
    "user": 1,
    "content_type": 7,
    "object_id": "2",
    "object_repr": "janete",
    "action_flag": 2,
    "change_message": "[{\"changed\": {\"fields\": [\"User permissions\"]}}]"
  }
},
{
  "model": "admin.logentry",
  "pk": 157,
  "fields": {
    "action_time": "2021-07-14T17:57:46.056Z",
    "user": 1,
    "content_type": 7,
    "object_id": "6",
    "object_repr": "paulorogerio",
    "action_flag": 1,
    "change_message": "[{\"added\": {}}]"
  }
},
{
  "model": "admin.logentry",
  "pk": 158,
  "fields": {
    "action_time": "2021-07-14T17:58:34.859Z",
    "user": 1,
    "content_type": 7,
    "object_id": "6",
    "object_repr": "paulorogerio",
    "action_flag": 2,
    "change_message": "[{\"changed\": {\"fields\": [\"First name\", \"Last name\", \"Email address\", \"Groups\", \"User permissions\"]}}]"
  }
},
{
  "model": "admin.logentry",
  "pk": 159,
  "fields": {
    "action_time": "2021-08-11T21:54:42.429Z",
    "user": 1,
    "content_type": 7,
    "object_id": "5",
    "object_repr": "camilalima",
    "action_flag": 2,
    "change_message": "[{\"changed\": {\"fields\": [\"User permissions\"]}}]"
  }
},
{
  "model": "admin.logentry",
  "pk": 160,
  "fields": {
    "action_time": "2021-08-16T23:33:52.347Z",
    "user": 1,
    "content_type": 3,
    "object_id": "14639",
    "object_repr": "RequestEvent object (14639)",
    "action_flag": 3,
    "change_message": ""
  }
},
{
  "model": "admin.logentry",
  "pk": 161,
  "fields": {
    "action_time": "2021-08-16T23:33:52.351Z",
    "user": 1,
    "content_type": 3,
    "object_id": "14638",
    "object_repr": "RequestEvent object (14638)",
    "action_flag": 3,
    "change_message": ""
  }
},
{
  "model": "admin.logentry",
  "pk": 162,
  "fields": {
    "action_time": "2021-08-16T23:33:52.353Z",
    "user": 1,
    "content_type": 3,
    "object_id": "14637",
    "object_repr": "RequestEvent object (14637)",
    "action_flag": 3,
    "change_message": ""
  }
},
{
  "model": "admin.logentry",
  "pk": 163,
  "fields": {
    "action_time": "2021-08-16T23:33:52.355Z",
    "user": 1,
    "content_type": 3,
    "object_id": "14636",
    "object_repr": "RequestEvent object (14636)",
    "action_flag": 3,
    "change_message": ""
  }
},
{
  "model": "admin.logentry",
  "pk": 164,
  "fields": {
    "action_time": "2021-08-16T23:33:52.357Z",
    "user": 1,
    "content_type": 3,
    "object_id": "14635",
    "object_repr": "RequestEvent object (14635)",
    "action_flag": 3,
    "change_message": ""
  }
},
{
  "model": "admin.logentry",
  "pk": 165,
  "fields": {
    "action_time": "2021-08-16T23:33:52.359Z",
    "user": 1,
    "content_type": 3,
    "object_id": "14634",
    "object_repr": "RequestEvent object (14634)",
    "action_flag": 3,
    "change_message": ""
  }
},
{
  "model": "admin.logentry",
  "pk": 166,
  "fields": {
    "action_time": "2021-08-16T23:33:52.360Z",
    "user": 1,
    "content_type": 3,
    "object_id": "14633",
    "object_repr": "RequestEvent object (14633)",
    "action_flag": 3,
    "change_message": ""
  }
},
{
  "model": "admin.logentry",
  "pk": 167,
  "fields": {
    "action_time": "2021-08-16T23:33:52.362Z",
    "user": 1,
    "content_type": 3,
    "object_id": "14632",
    "object_repr": "RequestEvent object (14632)",
    "action_flag": 3,
    "change_message": ""
  }
},
{
  "model": "admin.logentry",
  "pk": 168,
  "fields": {
    "action_time": "2021-08-16T23:33:52.363Z",
    "user": 1,
    "content_type": 3,
    "object_id": "14631",
    "object_repr": "RequestEvent object (14631)",
    "action_flag": 3,
    "change_message": ""
  }
},
{
  "model": "admin.logentry",
  "pk": 169,
  "fields": {
    "action_time": "2021-08-16T23:33:52.364Z",
    "user": 1,
    "content_type": 3,
    "object_id": "14630",
    "object_repr": "RequestEvent object (14630)",
    "action_flag": 3,
    "change_message": ""
  }
},
{
  "model": "admin.logentry",
  "pk": 170,
  "fields": {
    "action_time": "2021-08-16T23:33:52.366Z",
    "user": 1,
    "content_type": 3,
    "object_id": "14629",
    "object_repr": "RequestEvent object (14629)",
    "action_flag": 3,
    "change_message": ""
  }
},
{
  "model": "admin.logentry",
  "pk": 171,
  "fields": {
    "action_time": "2021-08-16T23:33:52.367Z",
    "user": 1,
    "content_type": 3,
    "object_id": "14628",
    "object_repr": "RequestEvent object (14628)",
    "action_flag": 3,
    "change_message": ""
  }
},
{
  "model": "admin.logentry",
  "pk": 172,
  "fields": {
    "action_time": "2021-08-16T23:33:52.369Z",
    "user": 1,
    "content_type": 3,
    "object_id": "14627",
    "object_repr": "RequestEvent object (14627)",
    "action_flag": 3,
    "change_message": ""
  }
},
{
  "model": "admin.logentry",
  "pk": 173,
  "fields": {
    "action_time": "2021-08-16T23:33:52.370Z",
    "user": 1,
    "content_type": 3,
    "object_id": "14626",
    "object_repr": "RequestEvent object (14626)",
    "action_flag": 3,
    "change_message": ""
  }
},
{
  "model": "admin.logentry",
  "pk": 174,
  "fields": {
    "action_time": "2021-08-16T23:33:52.371Z",
    "user": 1,
    "content_type": 3,
    "object_id": "14625",
    "object_repr": "RequestEvent object (14625)",
    "action_flag": 3,
    "change_message": ""
  }
},
{
  "model": "admin.logentry",
  "pk": 175,
  "fields": {
    "action_time": "2021-08-16T23:33:52.372Z",
    "user": 1,
    "content_type": 3,
    "object_id": "14624",
    "object_repr": "RequestEvent object (14624)",
    "action_flag": 3,
    "change_message": ""
  }
},
{
  "model": "admin.logentry",
  "pk": 176,
  "fields": {
    "action_time": "2021-08-16T23:33:52.374Z",
    "user": 1,
    "content_type": 3,
    "object_id": "14623",
    "object_repr": "RequestEvent object (14623)",
    "action_flag": 3,
    "change_message": ""
  }
},
{
  "model": "admin.logentry",
  "pk": 177,
  "fields": {
    "action_time": "2021-08-16T23:33:52.376Z",
    "user": 1,
    "content_type": 3,
    "object_id": "14622",
    "object_repr": "RequestEvent object (14622)",
    "action_flag": 3,
    "change_message": ""
  }
},
{
  "model": "admin.logentry",
  "pk": 178,
  "fields": {
    "action_time": "2021-08-16T23:33:52.377Z",
    "user": 1,
    "content_type": 3,
    "object_id": "14621",
    "object_repr": "RequestEvent object (14621)",
    "action_flag": 3,
    "change_message": ""
  }
},
{
  "model": "admin.logentry",
  "pk": 179,
  "fields": {
    "action_time": "2021-08-16T23:33:52.379Z",
    "user": 1,
    "content_type": 3,
    "object_id": "14620",
    "object_repr": "RequestEvent object (14620)",
    "action_flag": 3,
    "change_message": ""
  }
},
{
  "model": "admin.logentry",
  "pk": 180,
  "fields": {
    "action_time": "2021-08-16T23:33:52.380Z",
    "user": 1,
    "content_type": 3,
    "object_id": "14619",
    "object_repr": "RequestEvent object (14619)",
    "action_flag": 3,
    "change_message": ""
  }
},
{
  "model": "admin.logentry",
  "pk": 181,
  "fields": {
    "action_time": "2021-08-16T23:33:52.381Z",
    "user": 1,
    "content_type": 3,
    "object_id": "14618",
    "object_repr": "RequestEvent object (14618)",
    "action_flag": 3,
    "change_message": ""
  }
},
{
  "model": "admin.logentry",
  "pk": 182,
  "fields": {
    "action_time": "2021-08-16T23:33:52.383Z",
    "user": 1,
    "content_type": 3,
    "object_id": "14617",
    "object_repr": "RequestEvent object (14617)",
    "action_flag": 3,
    "change_message": ""
  }
},
{
  "model": "admin.logentry",
  "pk": 183,
  "fields": {
    "action_time": "2021-08-16T23:33:52.384Z",
    "user": 1,
    "content_type": 3,
    "object_id": "14616",
    "object_repr": "RequestEvent object (14616)",
    "action_flag": 3,
    "change_message": ""
  }
},
{
  "model": "admin.logentry",
  "pk": 184,
  "fields": {
    "action_time": "2021-08-16T23:33:52.385Z",
    "user": 1,
    "content_type": 3,
    "object_id": "14615",
    "object_repr": "RequestEvent object (14615)",
    "action_flag": 3,
    "change_message": ""
  }
},
{
  "model": "admin.logentry",
  "pk": 185,
  "fields": {
    "action_time": "2021-08-16T23:33:52.387Z",
    "user": 1,
    "content_type": 3,
    "object_id": "14614",
    "object_repr": "RequestEvent object (14614)",
    "action_flag": 3,
    "change_message": ""
  }
},
{
  "model": "admin.logentry",
  "pk": 186,
  "fields": {
    "action_time": "2021-08-16T23:33:52.388Z",
    "user": 1,
    "content_type": 3,
    "object_id": "14613",
    "object_repr": "RequestEvent object (14613)",
    "action_flag": 3,
    "change_message": ""
  }
},
{
  "model": "admin.logentry",
  "pk": 187,
  "fields": {
    "action_time": "2021-08-16T23:33:52.389Z",
    "user": 1,
    "content_type": 3,
    "object_id": "14612",
    "object_repr": "RequestEvent object (14612)",
    "action_flag": 3,
    "change_message": ""
  }
},
{
  "model": "admin.logentry",
  "pk": 188,
  "fields": {
    "action_time": "2021-08-16T23:33:52.391Z",
    "user": 1,
    "content_type": 3,
    "object_id": "14611",
    "object_repr": "RequestEvent object (14611)",
    "action_flag": 3,
    "change_message": ""
  }
},
{
  "model": "admin.logentry",
  "pk": 189,
  "fields": {
    "action_time": "2021-08-16T23:33:52.392Z",
    "user": 1,
    "content_type": 3,
    "object_id": "14610",
    "object_repr": "RequestEvent object (14610)",
    "action_flag": 3,
    "change_message": ""
  }
},
{
  "model": "admin.logentry",
  "pk": 190,
  "fields": {
    "action_time": "2021-08-16T23:33:52.393Z",
    "user": 1,
    "content_type": 3,
    "object_id": "14609",
    "object_repr": "RequestEvent object (14609)",
    "action_flag": 3,
    "change_message": ""
  }
},
{
  "model": "admin.logentry",
  "pk": 191,
  "fields": {
    "action_time": "2021-08-16T23:33:52.395Z",
    "user": 1,
    "content_type": 3,
    "object_id": "14608",
    "object_repr": "RequestEvent object (14608)",
    "action_flag": 3,
    "change_message": ""
  }
},
{
  "model": "admin.logentry",
  "pk": 192,
  "fields": {
    "action_time": "2021-08-16T23:33:52.396Z",
    "user": 1,
    "content_type": 3,
    "object_id": "14607",
    "object_repr": "RequestEvent object (14607)",
    "action_flag": 3,
    "change_message": ""
  }
},
{
  "model": "admin.logentry",
  "pk": 193,
  "fields": {
    "action_time": "2021-08-16T23:33:52.397Z",
    "user": 1,
    "content_type": 3,
    "object_id": "14606",
    "object_repr": "RequestEvent object (14606)",
    "action_flag": 3,
    "change_message": ""
  }
},
{
  "model": "admin.logentry",
  "pk": 194,
  "fields": {
    "action_time": "2021-08-16T23:33:52.399Z",
    "user": 1,
    "content_type": 3,
    "object_id": "14605",
    "object_repr": "RequestEvent object (14605)",
    "action_flag": 3,
    "change_message": ""
  }
},
{
  "model": "admin.logentry",
  "pk": 195,
  "fields": {
    "action_time": "2021-08-16T23:33:52.400Z",
    "user": 1,
    "content_type": 3,
    "object_id": "14604",
    "object_repr": "RequestEvent object (14604)",
    "action_flag": 3,
    "change_message": ""
  }
},
{
  "model": "admin.logentry",
  "pk": 196,
  "fields": {
    "action_time": "2021-08-16T23:33:52.401Z",
    "user": 1,
    "content_type": 3,
    "object_id": "14603",
    "object_repr": "RequestEvent object (14603)",
    "action_flag": 3,
    "change_message": ""
  }
},
{
  "model": "admin.logentry",
  "pk": 197,
  "fields": {
    "action_time": "2021-08-16T23:33:52.403Z",
    "user": 1,
    "content_type": 3,
    "object_id": "14602",
    "object_repr": "RequestEvent object (14602)",
    "action_flag": 3,
    "change_message": ""
  }
},
{
  "model": "admin.logentry",
  "pk": 198,
  "fields": {
    "action_time": "2021-08-16T23:33:52.404Z",
    "user": 1,
    "content_type": 3,
    "object_id": "14601",
    "object_repr": "RequestEvent object (14601)",
    "action_flag": 3,
    "change_message": ""
  }
},
{
  "model": "admin.logentry",
  "pk": 199,
  "fields": {
    "action_time": "2021-08-16T23:33:52.406Z",
    "user": 1,
    "content_type": 3,
    "object_id": "14600",
    "object_repr": "RequestEvent object (14600)",
    "action_flag": 3,
    "change_message": ""
  }
},
{
  "model": "admin.logentry",
  "pk": 200,
  "fields": {
    "action_time": "2021-08-16T23:33:52.408Z",
    "user": 1,
    "content_type": 3,
    "object_id": "14599",
    "object_repr": "RequestEvent object (14599)",
    "action_flag": 3,
    "change_message": ""
  }
},
{
  "model": "admin.logentry",
  "pk": 201,
  "fields": {
    "action_time": "2021-08-16T23:33:52.409Z",
    "user": 1,
    "content_type": 3,
    "object_id": "14598",
    "object_repr": "RequestEvent object (14598)",
    "action_flag": 3,
    "change_message": ""
  }
},
{
  "model": "admin.logentry",
  "pk": 202,
  "fields": {
    "action_time": "2021-08-16T23:33:52.411Z",
    "user": 1,
    "content_type": 3,
    "object_id": "14597",
    "object_repr": "RequestEvent object (14597)",
    "action_flag": 3,
    "change_message": ""
  }
},
{
  "model": "admin.logentry",
  "pk": 203,
  "fields": {
    "action_time": "2021-08-16T23:33:52.412Z",
    "user": 1,
    "content_type": 3,
    "object_id": "14596",
    "object_repr": "RequestEvent object (14596)",
    "action_flag": 3,
    "change_message": ""
  }
},
{
  "model": "admin.logentry",
  "pk": 204,
  "fields": {
    "action_time": "2021-08-16T23:33:52.414Z",
    "user": 1,
    "content_type": 3,
    "object_id": "14595",
    "object_repr": "RequestEvent object (14595)",
    "action_flag": 3,
    "change_message": ""
  }
},
{
  "model": "admin.logentry",
  "pk": 205,
  "fields": {
    "action_time": "2021-08-16T23:33:52.415Z",
    "user": 1,
    "content_type": 3,
    "object_id": "14594",
    "object_repr": "RequestEvent object (14594)",
    "action_flag": 3,
    "change_message": ""
  }
},
{
  "model": "admin.logentry",
  "pk": 206,
  "fields": {
    "action_time": "2021-08-16T23:33:52.416Z",
    "user": 1,
    "content_type": 3,
    "object_id": "14593",
    "object_repr": "RequestEvent object (14593)",
    "action_flag": 3,
    "change_message": ""
  }
},
{
  "model": "admin.logentry",
  "pk": 207,
  "fields": {
    "action_time": "2021-08-16T23:33:52.418Z",
    "user": 1,
    "content_type": 3,
    "object_id": "14592",
    "object_repr": "RequestEvent object (14592)",
    "action_flag": 3,
    "change_message": ""
  }
},
{
  "model": "admin.logentry",
  "pk": 208,
  "fields": {
    "action_time": "2021-08-16T23:33:52.419Z",
    "user": 1,
    "content_type": 3,
    "object_id": "14591",
    "object_repr": "RequestEvent object (14591)",
    "action_flag": 3,
    "change_message": ""
  }
},
{
  "model": "admin.logentry",
  "pk": 209,
  "fields": {
    "action_time": "2021-08-16T23:33:52.420Z",
    "user": 1,
    "content_type": 3,
    "object_id": "14590",
    "object_repr": "RequestEvent object (14590)",
    "action_flag": 3,
    "change_message": ""
  }
},
{
  "model": "admin.logentry",
  "pk": 210,
  "fields": {
    "action_time": "2021-08-16T23:33:52.421Z",
    "user": 1,
    "content_type": 3,
    "object_id": "14589",
    "object_repr": "RequestEvent object (14589)",
    "action_flag": 3,
    "change_message": ""
  }
},
{
  "model": "admin.logentry",
  "pk": 211,
  "fields": {
    "action_time": "2021-08-16T23:33:52.422Z",
    "user": 1,
    "content_type": 3,
    "object_id": "14588",
    "object_repr": "RequestEvent object (14588)",
    "action_flag": 3,
    "change_message": ""
  }
},
{
  "model": "admin.logentry",
  "pk": 212,
  "fields": {
    "action_time": "2021-08-16T23:33:52.423Z",
    "user": 1,
    "content_type": 3,
    "object_id": "14587",
    "object_repr": "RequestEvent object (14587)",
    "action_flag": 3,
    "change_message": ""
  }
},
{
  "model": "admin.logentry",
  "pk": 213,
  "fields": {
    "action_time": "2021-08-16T23:33:52.425Z",
    "user": 1,
    "content_type": 3,
    "object_id": "14586",
    "object_repr": "RequestEvent object (14586)",
    "action_flag": 3,
    "change_message": ""
  }
},
{
  "model": "admin.logentry",
  "pk": 214,
  "fields": {
    "action_time": "2021-08-16T23:33:52.426Z",
    "user": 1,
    "content_type": 3,
    "object_id": "14585",
    "object_repr": "RequestEvent object (14585)",
    "action_flag": 3,
    "change_message": ""
  }
},
{
  "model": "admin.logentry",
  "pk": 215,
  "fields": {
    "action_time": "2021-08-16T23:33:52.427Z",
    "user": 1,
    "content_type": 3,
    "object_id": "14584",
    "object_repr": "RequestEvent object (14584)",
    "action_flag": 3,
    "change_message": ""
  }
},
{
  "model": "admin.logentry",
  "pk": 216,
  "fields": {
    "action_time": "2021-08-16T23:33:52.428Z",
    "user": 1,
    "content_type": 3,
    "object_id": "14583",
    "object_repr": "RequestEvent object (14583)",
    "action_flag": 3,
    "change_message": ""
  }
},
{
  "model": "admin.logentry",
  "pk": 217,
  "fields": {
    "action_time": "2021-08-16T23:33:52.430Z",
    "user": 1,
    "content_type": 3,
    "object_id": "14582",
    "object_repr": "RequestEvent object (14582)",
    "action_flag": 3,
    "change_message": ""
  }
},
{
  "model": "admin.logentry",
  "pk": 218,
  "fields": {
    "action_time": "2021-08-16T23:33:52.431Z",
    "user": 1,
    "content_type": 3,
    "object_id": "14581",
    "object_repr": "RequestEvent object (14581)",
    "action_flag": 3,
    "change_message": ""
  }
},
{
  "model": "admin.logentry",
  "pk": 219,
  "fields": {
    "action_time": "2021-08-16T23:33:52.432Z",
    "user": 1,
    "content_type": 3,
    "object_id": "14580",
    "object_repr": "RequestEvent object (14580)",
    "action_flag": 3,
    "change_message": ""
  }
},
{
  "model": "admin.logentry",
  "pk": 220,
  "fields": {
    "action_time": "2021-08-16T23:33:52.433Z",
    "user": 1,
    "content_type": 3,
    "object_id": "14579",
    "object_repr": "RequestEvent object (14579)",
    "action_flag": 3,
    "change_message": ""
  }
},
{
  "model": "admin.logentry",
  "pk": 221,
  "fields": {
    "action_time": "2021-08-16T23:33:52.434Z",
    "user": 1,
    "content_type": 3,
    "object_id": "14578",
    "object_repr": "RequestEvent object (14578)",
    "action_flag": 3,
    "change_message": ""
  }
},
{
  "model": "admin.logentry",
  "pk": 222,
  "fields": {
    "action_time": "2021-08-16T23:33:52.436Z",
    "user": 1,
    "content_type": 3,
    "object_id": "14577",
    "object_repr": "RequestEvent object (14577)",
    "action_flag": 3,
    "change_message": ""
  }
},
{
  "model": "admin.logentry",
  "pk": 223,
  "fields": {
    "action_time": "2021-08-16T23:33:52.437Z",
    "user": 1,
    "content_type": 3,
    "object_id": "14576",
    "object_repr": "RequestEvent object (14576)",
    "action_flag": 3,
    "change_message": ""
  }
},
{
  "model": "admin.logentry",
  "pk": 224,
  "fields": {
    "action_time": "2021-08-16T23:33:52.438Z",
    "user": 1,
    "content_type": 3,
    "object_id": "14575",
    "object_repr": "RequestEvent object (14575)",
    "action_flag": 3,
    "change_message": ""
  }
},
{
  "model": "admin.logentry",
  "pk": 225,
  "fields": {
    "action_time": "2021-08-16T23:33:52.439Z",
    "user": 1,
    "content_type": 3,
    "object_id": "14574",
    "object_repr": "RequestEvent object (14574)",
    "action_flag": 3,
    "change_message": ""
  }
},
{
  "model": "admin.logentry",
  "pk": 226,
  "fields": {
    "action_time": "2021-08-16T23:33:52.440Z",
    "user": 1,
    "content_type": 3,
    "object_id": "14573",
    "object_repr": "RequestEvent object (14573)",
    "action_flag": 3,
    "change_message": ""
  }
},
{
  "model": "admin.logentry",
  "pk": 227,
  "fields": {
    "action_time": "2021-08-16T23:33:52.441Z",
    "user": 1,
    "content_type": 3,
    "object_id": "14572",
    "object_repr": "RequestEvent object (14572)",
    "action_flag": 3,
    "change_message": ""
  }
},
{
  "model": "admin.logentry",
  "pk": 228,
  "fields": {
    "action_time": "2021-08-16T23:33:52.443Z",
    "user": 1,
    "content_type": 3,
    "object_id": "14571",
    "object_repr": "RequestEvent object (14571)",
    "action_flag": 3,
    "change_message": ""
  }
},
{
  "model": "admin.logentry",
  "pk": 229,
  "fields": {
    "action_time": "2021-08-16T23:33:52.444Z",
    "user": 1,
    "content_type": 3,
    "object_id": "14570",
    "object_repr": "RequestEvent object (14570)",
    "action_flag": 3,
    "change_message": ""
  }
},
{
  "model": "admin.logentry",
  "pk": 230,
  "fields": {
    "action_time": "2021-08-16T23:33:52.445Z",
    "user": 1,
    "content_type": 3,
    "object_id": "14569",
    "object_repr": "RequestEvent object (14569)",
    "action_flag": 3,
    "change_message": ""
  }
},
{
  "model": "admin.logentry",
  "pk": 231,
  "fields": {
    "action_time": "2021-08-16T23:33:52.446Z",
    "user": 1,
    "content_type": 3,
    "object_id": "14568",
    "object_repr": "RequestEvent object (14568)",
    "action_flag": 3,
    "change_message": ""
  }
},
{
  "model": "admin.logentry",
  "pk": 232,
  "fields": {
    "action_time": "2021-08-16T23:33:52.447Z",
    "user": 1,
    "content_type": 3,
    "object_id": "14567",
    "object_repr": "RequestEvent object (14567)",
    "action_flag": 3,
    "change_message": ""
  }
},
{
  "model": "admin.logentry",
  "pk": 233,
  "fields": {
    "action_time": "2021-08-16T23:33:52.449Z",
    "user": 1,
    "content_type": 3,
    "object_id": "14566",
    "object_repr": "RequestEvent object (14566)",
    "action_flag": 3,
    "change_message": ""
  }
},
{
  "model": "admin.logentry",
  "pk": 234,
  "fields": {
    "action_time": "2021-08-16T23:33:52.450Z",
    "user": 1,
    "content_type": 3,
    "object_id": "14565",
    "object_repr": "RequestEvent object (14565)",
    "action_flag": 3,
    "change_message": ""
  }
},
{
  "model": "admin.logentry",
  "pk": 235,
  "fields": {
    "action_time": "2021-08-16T23:33:52.451Z",
    "user": 1,
    "content_type": 3,
    "object_id": "14564",
    "object_repr": "RequestEvent object (14564)",
    "action_flag": 3,
    "change_message": ""
  }
},
{
  "model": "admin.logentry",
  "pk": 236,
  "fields": {
    "action_time": "2021-08-16T23:33:52.452Z",
    "user": 1,
    "content_type": 3,
    "object_id": "14563",
    "object_repr": "RequestEvent object (14563)",
    "action_flag": 3,
    "change_message": ""
  }
},
{
  "model": "admin.logentry",
  "pk": 237,
  "fields": {
    "action_time": "2021-08-16T23:33:52.454Z",
    "user": 1,
    "content_type": 3,
    "object_id": "14562",
    "object_repr": "RequestEvent object (14562)",
    "action_flag": 3,
    "change_message": ""
  }
},
{
  "model": "admin.logentry",
  "pk": 238,
  "fields": {
    "action_time": "2021-08-16T23:33:52.455Z",
    "user": 1,
    "content_type": 3,
    "object_id": "14561",
    "object_repr": "RequestEvent object (14561)",
    "action_flag": 3,
    "change_message": ""
  }
},
{
  "model": "admin.logentry",
  "pk": 239,
  "fields": {
    "action_time": "2021-08-16T23:33:52.457Z",
    "user": 1,
    "content_type": 3,
    "object_id": "14560",
    "object_repr": "RequestEvent object (14560)",
    "action_flag": 3,
    "change_message": ""
  }
},
{
  "model": "admin.logentry",
  "pk": 240,
  "fields": {
    "action_time": "2021-08-16T23:33:52.458Z",
    "user": 1,
    "content_type": 3,
    "object_id": "14559",
    "object_repr": "RequestEvent object (14559)",
    "action_flag": 3,
    "change_message": ""
  }
},
{
  "model": "admin.logentry",
  "pk": 241,
  "fields": {
    "action_time": "2021-08-16T23:33:52.459Z",
    "user": 1,
    "content_type": 3,
    "object_id": "14558",
    "object_repr": "RequestEvent object (14558)",
    "action_flag": 3,
    "change_message": ""
  }
},
{
  "model": "admin.logentry",
  "pk": 242,
  "fields": {
    "action_time": "2021-08-16T23:33:52.460Z",
    "user": 1,
    "content_type": 3,
    "object_id": "14557",
    "object_repr": "RequestEvent object (14557)",
    "action_flag": 3,
    "change_message": ""
  }
},
{
  "model": "admin.logentry",
  "pk": 243,
  "fields": {
    "action_time": "2021-08-16T23:33:52.462Z",
    "user": 1,
    "content_type": 3,
    "object_id": "14556",
    "object_repr": "RequestEvent object (14556)",
    "action_flag": 3,
    "change_message": ""
  }
},
{
  "model": "admin.logentry",
  "pk": 244,
  "fields": {
    "action_time": "2021-08-16T23:33:52.463Z",
    "user": 1,
    "content_type": 3,
    "object_id": "14555",
    "object_repr": "RequestEvent object (14555)",
    "action_flag": 3,
    "change_message": ""
  }
},
{
  "model": "admin.logentry",
  "pk": 245,
  "fields": {
    "action_time": "2021-08-16T23:33:52.464Z",
    "user": 1,
    "content_type": 3,
    "object_id": "14554",
    "object_repr": "RequestEvent object (14554)",
    "action_flag": 3,
    "change_message": ""
  }
},
{
  "model": "admin.logentry",
  "pk": 246,
  "fields": {
    "action_time": "2021-08-16T23:33:52.465Z",
    "user": 1,
    "content_type": 3,
    "object_id": "14553",
    "object_repr": "RequestEvent object (14553)",
    "action_flag": 3,
    "change_message": ""
  }
},
{
  "model": "admin.logentry",
  "pk": 247,
  "fields": {
    "action_time": "2021-08-16T23:33:52.466Z",
    "user": 1,
    "content_type": 3,
    "object_id": "14552",
    "object_repr": "RequestEvent object (14552)",
    "action_flag": 3,
    "change_message": ""
  }
},
{
  "model": "admin.logentry",
  "pk": 248,
  "fields": {
    "action_time": "2021-08-16T23:33:52.468Z",
    "user": 1,
    "content_type": 3,
    "object_id": "14551",
    "object_repr": "RequestEvent object (14551)",
    "action_flag": 3,
    "change_message": ""
  }
},
{
  "model": "admin.logentry",
  "pk": 249,
  "fields": {
    "action_time": "2021-08-16T23:33:52.469Z",
    "user": 1,
    "content_type": 3,
    "object_id": "14550",
    "object_repr": "RequestEvent object (14550)",
    "action_flag": 3,
    "change_message": ""
  }
},
{
  "model": "admin.logentry",
  "pk": 250,
  "fields": {
    "action_time": "2021-08-16T23:33:52.470Z",
    "user": 1,
    "content_type": 3,
    "object_id": "14549",
    "object_repr": "RequestEvent object (14549)",
    "action_flag": 3,
    "change_message": ""
  }
},
{
  "model": "admin.logentry",
  "pk": 251,
  "fields": {
    "action_time": "2021-08-16T23:33:52.471Z",
    "user": 1,
    "content_type": 3,
    "object_id": "14548",
    "object_repr": "RequestEvent object (14548)",
    "action_flag": 3,
    "change_message": ""
  }
},
{
  "model": "admin.logentry",
  "pk": 252,
  "fields": {
    "action_time": "2021-08-16T23:33:52.472Z",
    "user": 1,
    "content_type": 3,
    "object_id": "14547",
    "object_repr": "RequestEvent object (14547)",
    "action_flag": 3,
    "change_message": ""
  }
},
{
  "model": "admin.logentry",
  "pk": 253,
  "fields": {
    "action_time": "2021-08-16T23:33:52.474Z",
    "user": 1,
    "content_type": 3,
    "object_id": "14546",
    "object_repr": "RequestEvent object (14546)",
    "action_flag": 3,
    "change_message": ""
  }
},
{
  "model": "admin.logentry",
  "pk": 254,
  "fields": {
    "action_time": "2021-08-16T23:33:52.475Z",
    "user": 1,
    "content_type": 3,
    "object_id": "14545",
    "object_repr": "RequestEvent object (14545)",
    "action_flag": 3,
    "change_message": ""
  }
},
{
  "model": "admin.logentry",
  "pk": 255,
  "fields": {
    "action_time": "2021-08-16T23:33:52.476Z",
    "user": 1,
    "content_type": 3,
    "object_id": "14544",
    "object_repr": "RequestEvent object (14544)",
    "action_flag": 3,
    "change_message": ""
  }
},
{
  "model": "admin.logentry",
  "pk": 256,
  "fields": {
    "action_time": "2021-08-16T23:33:52.477Z",
    "user": 1,
    "content_type": 3,
    "object_id": "14543",
    "object_repr": "RequestEvent object (14543)",
    "action_flag": 3,
    "change_message": ""
  }
},
{
  "model": "admin.logentry",
  "pk": 257,
  "fields": {
    "action_time": "2021-08-16T23:33:52.478Z",
    "user": 1,
    "content_type": 3,
    "object_id": "14542",
    "object_repr": "RequestEvent object (14542)",
    "action_flag": 3,
    "change_message": ""
  }
},
{
  "model": "admin.logentry",
  "pk": 258,
  "fields": {
    "action_time": "2021-08-16T23:33:52.480Z",
    "user": 1,
    "content_type": 3,
    "object_id": "14541",
    "object_repr": "RequestEvent object (14541)",
    "action_flag": 3,
    "change_message": ""
  }
},
{
  "model": "admin.logentry",
  "pk": 259,
  "fields": {
    "action_time": "2021-08-16T23:33:52.481Z",
    "user": 1,
    "content_type": 3,
    "object_id": "14540",
    "object_repr": "RequestEvent object (14540)",
    "action_flag": 3,
    "change_message": ""
  }
},
{
  "model": "admin.logentry",
  "pk": 260,
  "fields": {
    "action_time": "2021-08-16T23:34:02.675Z",
    "user": 1,
    "content_type": 3,
    "object_id": "14539",
    "object_repr": "RequestEvent object (14539)",
    "action_flag": 3,
    "change_message": ""
  }
},
{
  "model": "admin.logentry",
  "pk": 261,
  "fields": {
    "action_time": "2021-08-16T23:34:02.678Z",
    "user": 1,
    "content_type": 3,
    "object_id": "14538",
    "object_repr": "RequestEvent object (14538)",
    "action_flag": 3,
    "change_message": ""
  }
},
{
  "model": "admin.logentry",
  "pk": 262,
  "fields": {
    "action_time": "2021-08-16T23:34:02.680Z",
    "user": 1,
    "content_type": 3,
    "object_id": "14537",
    "object_repr": "RequestEvent object (14537)",
    "action_flag": 3,
    "change_message": ""
  }
},
{
  "model": "admin.logentry",
  "pk": 263,
  "fields": {
    "action_time": "2021-08-16T23:34:02.681Z",
    "user": 1,
    "content_type": 3,
    "object_id": "14536",
    "object_repr": "RequestEvent object (14536)",
    "action_flag": 3,
    "change_message": ""
  }
},
{
  "model": "admin.logentry",
  "pk": 264,
  "fields": {
    "action_time": "2021-08-16T23:34:02.683Z",
    "user": 1,
    "content_type": 3,
    "object_id": "14535",
    "object_repr": "RequestEvent object (14535)",
    "action_flag": 3,
    "change_message": ""
  }
},
{
  "model": "admin.logentry",
  "pk": 265,
  "fields": {
    "action_time": "2021-08-16T23:34:02.684Z",
    "user": 1,
    "content_type": 3,
    "object_id": "14534",
    "object_repr": "RequestEvent object (14534)",
    "action_flag": 3,
    "change_message": ""
  }
},
{
  "model": "admin.logentry",
  "pk": 266,
  "fields": {
    "action_time": "2021-08-16T23:34:02.685Z",
    "user": 1,
    "content_type": 3,
    "object_id": "14533",
    "object_repr": "RequestEvent object (14533)",
    "action_flag": 3,
    "change_message": ""
  }
},
{
  "model": "admin.logentry",
  "pk": 267,
  "fields": {
    "action_time": "2021-08-16T23:34:02.687Z",
    "user": 1,
    "content_type": 3,
    "object_id": "14532",
    "object_repr": "RequestEvent object (14532)",
    "action_flag": 3,
    "change_message": ""
  }
},
{
  "model": "admin.logentry",
  "pk": 268,
  "fields": {
    "action_time": "2021-08-16T23:34:02.688Z",
    "user": 1,
    "content_type": 3,
    "object_id": "14531",
    "object_repr": "RequestEvent object (14531)",
    "action_flag": 3,
    "change_message": ""
  }
},
{
  "model": "admin.logentry",
  "pk": 269,
  "fields": {
    "action_time": "2021-08-16T23:34:02.689Z",
    "user": 1,
    "content_type": 3,
    "object_id": "14530",
    "object_repr": "RequestEvent object (14530)",
    "action_flag": 3,
    "change_message": ""
  }
},
{
  "model": "admin.logentry",
  "pk": 270,
  "fields": {
    "action_time": "2021-08-16T23:34:02.690Z",
    "user": 1,
    "content_type": 3,
    "object_id": "14529",
    "object_repr": "RequestEvent object (14529)",
    "action_flag": 3,
    "change_message": ""
  }
},
{
  "model": "admin.logentry",
  "pk": 271,
  "fields": {
    "action_time": "2021-08-16T23:34:02.691Z",
    "user": 1,
    "content_type": 3,
    "object_id": "14528",
    "object_repr": "RequestEvent object (14528)",
    "action_flag": 3,
    "change_message": ""
  }
},
{
  "model": "admin.logentry",
  "pk": 272,
  "fields": {
    "action_time": "2021-08-16T23:34:02.692Z",
    "user": 1,
    "content_type": 3,
    "object_id": "14527",
    "object_repr": "RequestEvent object (14527)",
    "action_flag": 3,
    "change_message": ""
  }
},
{
  "model": "admin.logentry",
  "pk": 273,
  "fields": {
    "action_time": "2021-08-16T23:34:02.693Z",
    "user": 1,
    "content_type": 3,
    "object_id": "14526",
    "object_repr": "RequestEvent object (14526)",
    "action_flag": 3,
    "change_message": ""
  }
},
{
  "model": "admin.logentry",
  "pk": 274,
  "fields": {
    "action_time": "2021-08-16T23:34:02.694Z",
    "user": 1,
    "content_type": 3,
    "object_id": "14525",
    "object_repr": "RequestEvent object (14525)",
    "action_flag": 3,
    "change_message": ""
  }
},
{
  "model": "admin.logentry",
  "pk": 275,
  "fields": {
    "action_time": "2021-08-16T23:34:02.695Z",
    "user": 1,
    "content_type": 3,
    "object_id": "14524",
    "object_repr": "RequestEvent object (14524)",
    "action_flag": 3,
    "change_message": ""
  }
},
{
  "model": "admin.logentry",
  "pk": 276,
  "fields": {
    "action_time": "2021-08-16T23:34:02.696Z",
    "user": 1,
    "content_type": 3,
    "object_id": "14523",
    "object_repr": "RequestEvent object (14523)",
    "action_flag": 3,
    "change_message": ""
  }
},
{
  "model": "admin.logentry",
  "pk": 277,
  "fields": {
    "action_time": "2021-08-16T23:34:02.697Z",
    "user": 1,
    "content_type": 3,
    "object_id": "14522",
    "object_repr": "RequestEvent object (14522)",
    "action_flag": 3,
    "change_message": ""
  }
},
{
  "model": "admin.logentry",
  "pk": 278,
  "fields": {
    "action_time": "2021-08-16T23:34:02.698Z",
    "user": 1,
    "content_type": 3,
    "object_id": "14521",
    "object_repr": "RequestEvent object (14521)",
    "action_flag": 3,
    "change_message": ""
  }
},
{
  "model": "admin.logentry",
  "pk": 279,
  "fields": {
    "action_time": "2021-08-16T23:34:02.699Z",
    "user": 1,
    "content_type": 3,
    "object_id": "14520",
    "object_repr": "RequestEvent object (14520)",
    "action_flag": 3,
    "change_message": ""
  }
},
{
  "model": "admin.logentry",
  "pk": 280,
  "fields": {
    "action_time": "2021-08-16T23:34:02.700Z",
    "user": 1,
    "content_type": 3,
    "object_id": "14519",
    "object_repr": "RequestEvent object (14519)",
    "action_flag": 3,
    "change_message": ""
  }
},
{
  "model": "admin.logentry",
  "pk": 281,
  "fields": {
    "action_time": "2021-08-16T23:34:02.701Z",
    "user": 1,
    "content_type": 3,
    "object_id": "14518",
    "object_repr": "RequestEvent object (14518)",
    "action_flag": 3,
    "change_message": ""
  }
},
{
  "model": "admin.logentry",
  "pk": 282,
  "fields": {
    "action_time": "2021-08-16T23:34:02.702Z",
    "user": 1,
    "content_type": 3,
    "object_id": "14517",
    "object_repr": "RequestEvent object (14517)",
    "action_flag": 3,
    "change_message": ""
  }
},
{
  "model": "admin.logentry",
  "pk": 283,
  "fields": {
    "action_time": "2021-08-16T23:34:02.703Z",
    "user": 1,
    "content_type": 3,
    "object_id": "14516",
    "object_repr": "RequestEvent object (14516)",
    "action_flag": 3,
    "change_message": ""
  }
},
{
  "model": "admin.logentry",
  "pk": 284,
  "fields": {
    "action_time": "2021-08-16T23:34:02.704Z",
    "user": 1,
    "content_type": 3,
    "object_id": "14515",
    "object_repr": "RequestEvent object (14515)",
    "action_flag": 3,
    "change_message": ""
  }
},
{
  "model": "admin.logentry",
  "pk": 285,
  "fields": {
    "action_time": "2021-08-16T23:34:02.705Z",
    "user": 1,
    "content_type": 3,
    "object_id": "14514",
    "object_repr": "RequestEvent object (14514)",
    "action_flag": 3,
    "change_message": ""
  }
},
{
  "model": "admin.logentry",
  "pk": 286,
  "fields": {
    "action_time": "2021-08-16T23:34:02.706Z",
    "user": 1,
    "content_type": 3,
    "object_id": "14513",
    "object_repr": "RequestEvent object (14513)",
    "action_flag": 3,
    "change_message": ""
  }
},
{
  "model": "admin.logentry",
  "pk": 287,
  "fields": {
    "action_time": "2021-08-16T23:34:02.707Z",
    "user": 1,
    "content_type": 3,
    "object_id": "14512",
    "object_repr": "RequestEvent object (14512)",
    "action_flag": 3,
    "change_message": ""
  }
},
{
  "model": "admin.logentry",
  "pk": 288,
  "fields": {
    "action_time": "2021-08-16T23:34:02.708Z",
    "user": 1,
    "content_type": 3,
    "object_id": "14511",
    "object_repr": "RequestEvent object (14511)",
    "action_flag": 3,
    "change_message": ""
  }
},
{
  "model": "admin.logentry",
  "pk": 289,
  "fields": {
    "action_time": "2021-08-16T23:34:02.709Z",
    "user": 1,
    "content_type": 3,
    "object_id": "14510",
    "object_repr": "RequestEvent object (14510)",
    "action_flag": 3,
    "change_message": ""
  }
},
{
  "model": "admin.logentry",
  "pk": 290,
  "fields": {
    "action_time": "2021-08-16T23:34:02.710Z",
    "user": 1,
    "content_type": 3,
    "object_id": "14509",
    "object_repr": "RequestEvent object (14509)",
    "action_flag": 3,
    "change_message": ""
  }
},
{
  "model": "admin.logentry",
  "pk": 291,
  "fields": {
    "action_time": "2021-08-16T23:34:02.711Z",
    "user": 1,
    "content_type": 3,
    "object_id": "14508",
    "object_repr": "RequestEvent object (14508)",
    "action_flag": 3,
    "change_message": ""
  }
},
{
  "model": "admin.logentry",
  "pk": 292,
  "fields": {
    "action_time": "2021-08-16T23:34:02.712Z",
    "user": 1,
    "content_type": 3,
    "object_id": "14507",
    "object_repr": "RequestEvent object (14507)",
    "action_flag": 3,
    "change_message": ""
  }
},
{
  "model": "admin.logentry",
  "pk": 293,
  "fields": {
    "action_time": "2021-08-16T23:34:02.713Z",
    "user": 1,
    "content_type": 3,
    "object_id": "14506",
    "object_repr": "RequestEvent object (14506)",
    "action_flag": 3,
    "change_message": ""
  }
},
{
  "model": "admin.logentry",
  "pk": 294,
  "fields": {
    "action_time": "2021-08-16T23:34:02.714Z",
    "user": 1,
    "content_type": 3,
    "object_id": "14505",
    "object_repr": "RequestEvent object (14505)",
    "action_flag": 3,
    "change_message": ""
  }
},
{
  "model": "admin.logentry",
  "pk": 295,
  "fields": {
    "action_time": "2021-08-16T23:34:02.715Z",
    "user": 1,
    "content_type": 3,
    "object_id": "14504",
    "object_repr": "RequestEvent object (14504)",
    "action_flag": 3,
    "change_message": ""
  }
},
{
  "model": "admin.logentry",
  "pk": 296,
  "fields": {
    "action_time": "2021-08-16T23:34:02.716Z",
    "user": 1,
    "content_type": 3,
    "object_id": "14503",
    "object_repr": "RequestEvent object (14503)",
    "action_flag": 3,
    "change_message": ""
  }
},
{
  "model": "admin.logentry",
  "pk": 297,
  "fields": {
    "action_time": "2021-08-16T23:34:02.717Z",
    "user": 1,
    "content_type": 3,
    "object_id": "14502",
    "object_repr": "RequestEvent object (14502)",
    "action_flag": 3,
    "change_message": ""
  }
},
{
  "model": "admin.logentry",
  "pk": 298,
  "fields": {
    "action_time": "2021-08-16T23:34:02.718Z",
    "user": 1,
    "content_type": 3,
    "object_id": "14501",
    "object_repr": "RequestEvent object (14501)",
    "action_flag": 3,
    "change_message": ""
  }
},
{
  "model": "admin.logentry",
  "pk": 299,
  "fields": {
    "action_time": "2021-08-16T23:34:02.719Z",
    "user": 1,
    "content_type": 3,
    "object_id": "14500",
    "object_repr": "RequestEvent object (14500)",
    "action_flag": 3,
    "change_message": ""
  }
},
{
  "model": "admin.logentry",
  "pk": 300,
  "fields": {
    "action_time": "2021-08-16T23:34:02.720Z",
    "user": 1,
    "content_type": 3,
    "object_id": "14499",
    "object_repr": "RequestEvent object (14499)",
    "action_flag": 3,
    "change_message": ""
  }
},
{
  "model": "admin.logentry",
  "pk": 301,
  "fields": {
    "action_time": "2021-08-16T23:34:02.721Z",
    "user": 1,
    "content_type": 3,
    "object_id": "14498",
    "object_repr": "RequestEvent object (14498)",
    "action_flag": 3,
    "change_message": ""
  }
},
{
  "model": "admin.logentry",
  "pk": 302,
  "fields": {
    "action_time": "2021-08-16T23:34:02.722Z",
    "user": 1,
    "content_type": 3,
    "object_id": "14497",
    "object_repr": "RequestEvent object (14497)",
    "action_flag": 3,
    "change_message": ""
  }
},
{
  "model": "admin.logentry",
  "pk": 303,
  "fields": {
    "action_time": "2021-08-16T23:34:02.723Z",
    "user": 1,
    "content_type": 3,
    "object_id": "14496",
    "object_repr": "RequestEvent object (14496)",
    "action_flag": 3,
    "change_message": ""
  }
},
{
  "model": "admin.logentry",
  "pk": 304,
  "fields": {
    "action_time": "2021-08-16T23:34:02.724Z",
    "user": 1,
    "content_type": 3,
    "object_id": "14495",
    "object_repr": "RequestEvent object (14495)",
    "action_flag": 3,
    "change_message": ""
  }
},
{
  "model": "admin.logentry",
  "pk": 305,
  "fields": {
    "action_time": "2021-08-16T23:34:02.725Z",
    "user": 1,
    "content_type": 3,
    "object_id": "14494",
    "object_repr": "RequestEvent object (14494)",
    "action_flag": 3,
    "change_message": ""
  }
},
{
  "model": "admin.logentry",
  "pk": 306,
  "fields": {
    "action_time": "2021-08-16T23:34:02.727Z",
    "user": 1,
    "content_type": 3,
    "object_id": "14493",
    "object_repr": "RequestEvent object (14493)",
    "action_flag": 3,
    "change_message": ""
  }
},
{
  "model": "admin.logentry",
  "pk": 307,
  "fields": {
    "action_time": "2021-08-16T23:34:02.728Z",
    "user": 1,
    "content_type": 3,
    "object_id": "14492",
    "object_repr": "RequestEvent object (14492)",
    "action_flag": 3,
    "change_message": ""
  }
},
{
  "model": "admin.logentry",
  "pk": 308,
  "fields": {
    "action_time": "2021-08-16T23:34:02.729Z",
    "user": 1,
    "content_type": 3,
    "object_id": "14491",
    "object_repr": "RequestEvent object (14491)",
    "action_flag": 3,
    "change_message": ""
  }
},
{
  "model": "admin.logentry",
  "pk": 309,
  "fields": {
    "action_time": "2021-08-16T23:34:02.731Z",
    "user": 1,
    "content_type": 3,
    "object_id": "14490",
    "object_repr": "RequestEvent object (14490)",
    "action_flag": 3,
    "change_message": ""
  }
},
{
  "model": "admin.logentry",
  "pk": 310,
  "fields": {
    "action_time": "2021-08-16T23:34:02.732Z",
    "user": 1,
    "content_type": 3,
    "object_id": "14489",
    "object_repr": "RequestEvent object (14489)",
    "action_flag": 3,
    "change_message": ""
  }
},
{
  "model": "admin.logentry",
  "pk": 311,
  "fields": {
    "action_time": "2021-08-16T23:34:02.733Z",
    "user": 1,
    "content_type": 3,
    "object_id": "14488",
    "object_repr": "RequestEvent object (14488)",
    "action_flag": 3,
    "change_message": ""
  }
},
{
  "model": "admin.logentry",
  "pk": 312,
  "fields": {
    "action_time": "2021-08-16T23:34:02.735Z",
    "user": 1,
    "content_type": 3,
    "object_id": "14487",
    "object_repr": "RequestEvent object (14487)",
    "action_flag": 3,
    "change_message": ""
  }
},
{
  "model": "admin.logentry",
  "pk": 313,
  "fields": {
    "action_time": "2021-08-16T23:34:02.736Z",
    "user": 1,
    "content_type": 3,
    "object_id": "14486",
    "object_repr": "RequestEvent object (14486)",
    "action_flag": 3,
    "change_message": ""
  }
},
{
  "model": "admin.logentry",
  "pk": 314,
  "fields": {
    "action_time": "2021-08-16T23:34:02.737Z",
    "user": 1,
    "content_type": 3,
    "object_id": "14485",
    "object_repr": "RequestEvent object (14485)",
    "action_flag": 3,
    "change_message": ""
  }
},
{
  "model": "admin.logentry",
  "pk": 315,
  "fields": {
    "action_time": "2021-08-16T23:34:02.739Z",
    "user": 1,
    "content_type": 3,
    "object_id": "14484",
    "object_repr": "RequestEvent object (14484)",
    "action_flag": 3,
    "change_message": ""
  }
},
{
  "model": "admin.logentry",
  "pk": 316,
  "fields": {
    "action_time": "2021-08-16T23:34:02.740Z",
    "user": 1,
    "content_type": 3,
    "object_id": "14483",
    "object_repr": "RequestEvent object (14483)",
    "action_flag": 3,
    "change_message": ""
  }
},
{
  "model": "admin.logentry",
  "pk": 317,
  "fields": {
    "action_time": "2021-08-16T23:34:02.741Z",
    "user": 1,
    "content_type": 3,
    "object_id": "14482",
    "object_repr": "RequestEvent object (14482)",
    "action_flag": 3,
    "change_message": ""
  }
},
{
  "model": "admin.logentry",
  "pk": 318,
  "fields": {
    "action_time": "2021-08-16T23:34:02.743Z",
    "user": 1,
    "content_type": 3,
    "object_id": "14481",
    "object_repr": "RequestEvent object (14481)",
    "action_flag": 3,
    "change_message": ""
  }
},
{
  "model": "admin.logentry",
  "pk": 319,
  "fields": {
    "action_time": "2021-08-16T23:34:02.744Z",
    "user": 1,
    "content_type": 3,
    "object_id": "14480",
    "object_repr": "RequestEvent object (14480)",
    "action_flag": 3,
    "change_message": ""
  }
},
{
  "model": "admin.logentry",
  "pk": 320,
  "fields": {
    "action_time": "2021-08-16T23:34:02.745Z",
    "user": 1,
    "content_type": 3,
    "object_id": "14479",
    "object_repr": "RequestEvent object (14479)",
    "action_flag": 3,
    "change_message": ""
  }
},
{
  "model": "admin.logentry",
  "pk": 321,
  "fields": {
    "action_time": "2021-08-16T23:34:02.746Z",
    "user": 1,
    "content_type": 3,
    "object_id": "14478",
    "object_repr": "RequestEvent object (14478)",
    "action_flag": 3,
    "change_message": ""
  }
},
{
  "model": "admin.logentry",
  "pk": 322,
  "fields": {
    "action_time": "2021-08-16T23:34:02.748Z",
    "user": 1,
    "content_type": 3,
    "object_id": "14477",
    "object_repr": "RequestEvent object (14477)",
    "action_flag": 3,
    "change_message": ""
  }
},
{
  "model": "admin.logentry",
  "pk": 323,
  "fields": {
    "action_time": "2021-08-16T23:34:02.749Z",
    "user": 1,
    "content_type": 3,
    "object_id": "14476",
    "object_repr": "RequestEvent object (14476)",
    "action_flag": 3,
    "change_message": ""
  }
},
{
  "model": "admin.logentry",
  "pk": 324,
  "fields": {
    "action_time": "2021-08-16T23:34:02.750Z",
    "user": 1,
    "content_type": 3,
    "object_id": "14475",
    "object_repr": "RequestEvent object (14475)",
    "action_flag": 3,
    "change_message": ""
  }
},
{
  "model": "admin.logentry",
  "pk": 325,
  "fields": {
    "action_time": "2021-08-16T23:34:02.752Z",
    "user": 1,
    "content_type": 3,
    "object_id": "14474",
    "object_repr": "RequestEvent object (14474)",
    "action_flag": 3,
    "change_message": ""
  }
},
{
  "model": "admin.logentry",
  "pk": 326,
  "fields": {
    "action_time": "2021-08-16T23:34:02.753Z",
    "user": 1,
    "content_type": 3,
    "object_id": "14473",
    "object_repr": "RequestEvent object (14473)",
    "action_flag": 3,
    "change_message": ""
  }
},
{
  "model": "admin.logentry",
  "pk": 327,
  "fields": {
    "action_time": "2021-08-16T23:34:02.754Z",
    "user": 1,
    "content_type": 3,
    "object_id": "14472",
    "object_repr": "RequestEvent object (14472)",
    "action_flag": 3,
    "change_message": ""
  }
},
{
  "model": "admin.logentry",
  "pk": 328,
  "fields": {
    "action_time": "2021-08-16T23:34:02.756Z",
    "user": 1,
    "content_type": 3,
    "object_id": "14471",
    "object_repr": "RequestEvent object (14471)",
    "action_flag": 3,
    "change_message": ""
  }
},
{
  "model": "admin.logentry",
  "pk": 329,
  "fields": {
    "action_time": "2021-08-16T23:34:02.757Z",
    "user": 1,
    "content_type": 3,
    "object_id": "14470",
    "object_repr": "RequestEvent object (14470)",
    "action_flag": 3,
    "change_message": ""
  }
},
{
  "model": "admin.logentry",
  "pk": 330,
  "fields": {
    "action_time": "2021-08-16T23:34:02.759Z",
    "user": 1,
    "content_type": 3,
    "object_id": "14469",
    "object_repr": "RequestEvent object (14469)",
    "action_flag": 3,
    "change_message": ""
  }
},
{
  "model": "admin.logentry",
  "pk": 331,
  "fields": {
    "action_time": "2021-08-16T23:34:02.760Z",
    "user": 1,
    "content_type": 3,
    "object_id": "14468",
    "object_repr": "RequestEvent object (14468)",
    "action_flag": 3,
    "change_message": ""
  }
},
{
  "model": "admin.logentry",
  "pk": 332,
  "fields": {
    "action_time": "2021-08-16T23:34:02.762Z",
    "user": 1,
    "content_type": 3,
    "object_id": "14467",
    "object_repr": "RequestEvent object (14467)",
    "action_flag": 3,
    "change_message": ""
  }
},
{
  "model": "admin.logentry",
  "pk": 333,
  "fields": {
    "action_time": "2021-08-16T23:34:02.763Z",
    "user": 1,
    "content_type": 3,
    "object_id": "14466",
    "object_repr": "RequestEvent object (14466)",
    "action_flag": 3,
    "change_message": ""
  }
},
{
  "model": "admin.logentry",
  "pk": 334,
  "fields": {
    "action_time": "2021-08-16T23:34:02.764Z",
    "user": 1,
    "content_type": 3,
    "object_id": "14465",
    "object_repr": "RequestEvent object (14465)",
    "action_flag": 3,
    "change_message": ""
  }
},
{
  "model": "admin.logentry",
  "pk": 335,
  "fields": {
    "action_time": "2021-08-16T23:34:02.765Z",
    "user": 1,
    "content_type": 3,
    "object_id": "14464",
    "object_repr": "RequestEvent object (14464)",
    "action_flag": 3,
    "change_message": ""
  }
},
{
  "model": "admin.logentry",
  "pk": 336,
  "fields": {
    "action_time": "2021-08-16T23:34:02.767Z",
    "user": 1,
    "content_type": 3,
    "object_id": "14463",
    "object_repr": "RequestEvent object (14463)",
    "action_flag": 3,
    "change_message": ""
  }
},
{
  "model": "admin.logentry",
  "pk": 337,
  "fields": {
    "action_time": "2021-08-16T23:34:02.768Z",
    "user": 1,
    "content_type": 3,
    "object_id": "14462",
    "object_repr": "RequestEvent object (14462)",
    "action_flag": 3,
    "change_message": ""
  }
},
{
  "model": "admin.logentry",
  "pk": 338,
  "fields": {
    "action_time": "2021-08-16T23:34:02.769Z",
    "user": 1,
    "content_type": 3,
    "object_id": "14461",
    "object_repr": "RequestEvent object (14461)",
    "action_flag": 3,
    "change_message": ""
  }
},
{
  "model": "admin.logentry",
  "pk": 339,
  "fields": {
    "action_time": "2021-08-16T23:34:02.771Z",
    "user": 1,
    "content_type": 3,
    "object_id": "14460",
    "object_repr": "RequestEvent object (14460)",
    "action_flag": 3,
    "change_message": ""
  }
},
{
  "model": "admin.logentry",
  "pk": 340,
  "fields": {
    "action_time": "2021-08-16T23:34:02.772Z",
    "user": 1,
    "content_type": 3,
    "object_id": "14459",
    "object_repr": "RequestEvent object (14459)",
    "action_flag": 3,
    "change_message": ""
  }
},
{
  "model": "admin.logentry",
  "pk": 341,
  "fields": {
    "action_time": "2021-08-16T23:34:02.773Z",
    "user": 1,
    "content_type": 3,
    "object_id": "14458",
    "object_repr": "RequestEvent object (14458)",
    "action_flag": 3,
    "change_message": ""
  }
},
{
  "model": "admin.logentry",
  "pk": 342,
  "fields": {
    "action_time": "2021-08-16T23:34:02.774Z",
    "user": 1,
    "content_type": 3,
    "object_id": "14457",
    "object_repr": "RequestEvent object (14457)",
    "action_flag": 3,
    "change_message": ""
  }
},
{
  "model": "admin.logentry",
  "pk": 343,
  "fields": {
    "action_time": "2021-08-16T23:34:02.775Z",
    "user": 1,
    "content_type": 3,
    "object_id": "14456",
    "object_repr": "RequestEvent object (14456)",
    "action_flag": 3,
    "change_message": ""
  }
},
{
  "model": "admin.logentry",
  "pk": 344,
  "fields": {
    "action_time": "2021-08-16T23:34:02.776Z",
    "user": 1,
    "content_type": 3,
    "object_id": "14455",
    "object_repr": "RequestEvent object (14455)",
    "action_flag": 3,
    "change_message": ""
  }
},
{
  "model": "admin.logentry",
  "pk": 345,
  "fields": {
    "action_time": "2021-08-16T23:34:02.777Z",
    "user": 1,
    "content_type": 3,
    "object_id": "14454",
    "object_repr": "RequestEvent object (14454)",
    "action_flag": 3,
    "change_message": ""
  }
},
{
  "model": "admin.logentry",
  "pk": 346,
  "fields": {
    "action_time": "2021-08-16T23:34:02.778Z",
    "user": 1,
    "content_type": 3,
    "object_id": "14453",
    "object_repr": "RequestEvent object (14453)",
    "action_flag": 3,
    "change_message": ""
  }
},
{
  "model": "admin.logentry",
  "pk": 347,
  "fields": {
    "action_time": "2021-08-16T23:34:02.779Z",
    "user": 1,
    "content_type": 3,
    "object_id": "14452",
    "object_repr": "RequestEvent object (14452)",
    "action_flag": 3,
    "change_message": ""
  }
},
{
  "model": "admin.logentry",
  "pk": 348,
  "fields": {
    "action_time": "2021-08-16T23:34:02.780Z",
    "user": 1,
    "content_type": 3,
    "object_id": "14451",
    "object_repr": "RequestEvent object (14451)",
    "action_flag": 3,
    "change_message": ""
  }
},
{
  "model": "admin.logentry",
  "pk": 349,
  "fields": {
    "action_time": "2021-08-16T23:34:02.781Z",
    "user": 1,
    "content_type": 3,
    "object_id": "14450",
    "object_repr": "RequestEvent object (14450)",
    "action_flag": 3,
    "change_message": ""
  }
},
{
  "model": "admin.logentry",
  "pk": 350,
  "fields": {
    "action_time": "2021-08-16T23:34:02.782Z",
    "user": 1,
    "content_type": 3,
    "object_id": "14449",
    "object_repr": "RequestEvent object (14449)",
    "action_flag": 3,
    "change_message": ""
  }
},
{
  "model": "admin.logentry",
  "pk": 351,
  "fields": {
    "action_time": "2021-08-16T23:34:02.783Z",
    "user": 1,
    "content_type": 3,
    "object_id": "14448",
    "object_repr": "RequestEvent object (14448)",
    "action_flag": 3,
    "change_message": ""
  }
},
{
  "model": "admin.logentry",
  "pk": 352,
  "fields": {
    "action_time": "2021-08-16T23:34:02.785Z",
    "user": 1,
    "content_type": 3,
    "object_id": "14447",
    "object_repr": "RequestEvent object (14447)",
    "action_flag": 3,
    "change_message": ""
  }
},
{
  "model": "admin.logentry",
  "pk": 353,
  "fields": {
    "action_time": "2021-08-16T23:34:02.786Z",
    "user": 1,
    "content_type": 3,
    "object_id": "14446",
    "object_repr": "RequestEvent object (14446)",
    "action_flag": 3,
    "change_message": ""
  }
},
{
  "model": "admin.logentry",
  "pk": 354,
  "fields": {
    "action_time": "2021-08-16T23:34:02.787Z",
    "user": 1,
    "content_type": 3,
    "object_id": "14445",
    "object_repr": "RequestEvent object (14445)",
    "action_flag": 3,
    "change_message": ""
  }
},
{
  "model": "admin.logentry",
  "pk": 355,
  "fields": {
    "action_time": "2021-08-16T23:34:02.788Z",
    "user": 1,
    "content_type": 3,
    "object_id": "14444",
    "object_repr": "RequestEvent object (14444)",
    "action_flag": 3,
    "change_message": ""
  }
},
{
  "model": "admin.logentry",
  "pk": 356,
  "fields": {
    "action_time": "2021-08-16T23:34:02.789Z",
    "user": 1,
    "content_type": 3,
    "object_id": "14443",
    "object_repr": "RequestEvent object (14443)",
    "action_flag": 3,
    "change_message": ""
  }
},
{
  "model": "admin.logentry",
  "pk": 357,
  "fields": {
    "action_time": "2021-08-16T23:34:02.790Z",
    "user": 1,
    "content_type": 3,
    "object_id": "14442",
    "object_repr": "RequestEvent object (14442)",
    "action_flag": 3,
    "change_message": ""
  }
},
{
  "model": "admin.logentry",
  "pk": 358,
  "fields": {
    "action_time": "2021-08-16T23:34:02.792Z",
    "user": 1,
    "content_type": 3,
    "object_id": "14441",
    "object_repr": "RequestEvent object (14441)",
    "action_flag": 3,
    "change_message": ""
  }
},
{
  "model": "admin.logentry",
  "pk": 359,
  "fields": {
    "action_time": "2021-08-16T23:34:02.793Z",
    "user": 1,
    "content_type": 3,
    "object_id": "14440",
    "object_repr": "RequestEvent object (14440)",
    "action_flag": 3,
    "change_message": ""
  }
},
{
  "model": "admin.logentry",
  "pk": 360,
  "fields": {
    "action_time": "2021-08-16T23:34:27.407Z",
    "user": 1,
    "content_type": 3,
    "object_id": "14439",
    "object_repr": "RequestEvent object (14439)",
    "action_flag": 3,
    "change_message": ""
  }
},
{
  "model": "admin.logentry",
  "pk": 361,
  "fields": {
    "action_time": "2021-08-16T23:34:27.409Z",
    "user": 1,
    "content_type": 3,
    "object_id": "14438",
    "object_repr": "RequestEvent object (14438)",
    "action_flag": 3,
    "change_message": ""
  }
},
{
  "model": "admin.logentry",
  "pk": 362,
  "fields": {
    "action_time": "2021-08-16T23:34:27.411Z",
    "user": 1,
    "content_type": 3,
    "object_id": "14437",
    "object_repr": "RequestEvent object (14437)",
    "action_flag": 3,
    "change_message": ""
  }
},
{
  "model": "admin.logentry",
  "pk": 363,
  "fields": {
    "action_time": "2021-08-16T23:34:27.413Z",
    "user": 1,
    "content_type": 3,
    "object_id": "14436",
    "object_repr": "RequestEvent object (14436)",
    "action_flag": 3,
    "change_message": ""
  }
},
{
  "model": "admin.logentry",
  "pk": 364,
  "fields": {
    "action_time": "2021-08-16T23:34:27.415Z",
    "user": 1,
    "content_type": 3,
    "object_id": "14435",
    "object_repr": "RequestEvent object (14435)",
    "action_flag": 3,
    "change_message": ""
  }
},
{
  "model": "admin.logentry",
  "pk": 365,
  "fields": {
    "action_time": "2021-08-16T23:34:27.416Z",
    "user": 1,
    "content_type": 3,
    "object_id": "14434",
    "object_repr": "RequestEvent object (14434)",
    "action_flag": 3,
    "change_message": ""
  }
},
{
  "model": "admin.logentry",
  "pk": 366,
  "fields": {
    "action_time": "2021-08-16T23:34:27.417Z",
    "user": 1,
    "content_type": 3,
    "object_id": "14433",
    "object_repr": "RequestEvent object (14433)",
    "action_flag": 3,
    "change_message": ""
  }
},
{
  "model": "admin.logentry",
  "pk": 367,
  "fields": {
    "action_time": "2021-08-16T23:34:27.419Z",
    "user": 1,
    "content_type": 3,
    "object_id": "14432",
    "object_repr": "RequestEvent object (14432)",
    "action_flag": 3,
    "change_message": ""
  }
},
{
  "model": "admin.logentry",
  "pk": 368,
  "fields": {
    "action_time": "2021-08-16T23:34:27.420Z",
    "user": 1,
    "content_type": 3,
    "object_id": "14431",
    "object_repr": "RequestEvent object (14431)",
    "action_flag": 3,
    "change_message": ""
  }
},
{
  "model": "admin.logentry",
  "pk": 369,
  "fields": {
    "action_time": "2021-08-16T23:34:27.422Z",
    "user": 1,
    "content_type": 3,
    "object_id": "14430",
    "object_repr": "RequestEvent object (14430)",
    "action_flag": 3,
    "change_message": ""
  }
},
{
  "model": "admin.logentry",
  "pk": 370,
  "fields": {
    "action_time": "2021-08-16T23:34:27.423Z",
    "user": 1,
    "content_type": 3,
    "object_id": "14429",
    "object_repr": "RequestEvent object (14429)",
    "action_flag": 3,
    "change_message": ""
  }
},
{
  "model": "admin.logentry",
  "pk": 371,
  "fields": {
    "action_time": "2021-08-16T23:34:27.424Z",
    "user": 1,
    "content_type": 3,
    "object_id": "14428",
    "object_repr": "RequestEvent object (14428)",
    "action_flag": 3,
    "change_message": ""
  }
},
{
  "model": "admin.logentry",
  "pk": 372,
  "fields": {
    "action_time": "2021-08-16T23:34:27.425Z",
    "user": 1,
    "content_type": 3,
    "object_id": "14427",
    "object_repr": "RequestEvent object (14427)",
    "action_flag": 3,
    "change_message": ""
  }
},
{
  "model": "admin.logentry",
  "pk": 373,
  "fields": {
    "action_time": "2021-08-16T23:34:27.426Z",
    "user": 1,
    "content_type": 3,
    "object_id": "14426",
    "object_repr": "RequestEvent object (14426)",
    "action_flag": 3,
    "change_message": ""
  }
},
{
  "model": "admin.logentry",
  "pk": 374,
  "fields": {
    "action_time": "2021-08-16T23:34:27.428Z",
    "user": 1,
    "content_type": 3,
    "object_id": "14425",
    "object_repr": "RequestEvent object (14425)",
    "action_flag": 3,
    "change_message": ""
  }
},
{
  "model": "admin.logentry",
  "pk": 375,
  "fields": {
    "action_time": "2021-08-16T23:34:27.429Z",
    "user": 1,
    "content_type": 3,
    "object_id": "14424",
    "object_repr": "RequestEvent object (14424)",
    "action_flag": 3,
    "change_message": ""
  }
},
{
  "model": "admin.logentry",
  "pk": 376,
  "fields": {
    "action_time": "2021-08-16T23:34:27.430Z",
    "user": 1,
    "content_type": 3,
    "object_id": "14423",
    "object_repr": "RequestEvent object (14423)",
    "action_flag": 3,
    "change_message": ""
  }
},
{
  "model": "admin.logentry",
  "pk": 377,
  "fields": {
    "action_time": "2021-08-16T23:34:27.432Z",
    "user": 1,
    "content_type": 3,
    "object_id": "14422",
    "object_repr": "RequestEvent object (14422)",
    "action_flag": 3,
    "change_message": ""
  }
},
{
  "model": "admin.logentry",
  "pk": 378,
  "fields": {
    "action_time": "2021-08-16T23:34:27.433Z",
    "user": 1,
    "content_type": 3,
    "object_id": "14421",
    "object_repr": "RequestEvent object (14421)",
    "action_flag": 3,
    "change_message": ""
  }
},
{
  "model": "admin.logentry",
  "pk": 379,
  "fields": {
    "action_time": "2021-08-16T23:34:27.434Z",
    "user": 1,
    "content_type": 3,
    "object_id": "14420",
    "object_repr": "RequestEvent object (14420)",
    "action_flag": 3,
    "change_message": ""
  }
},
{
  "model": "admin.logentry",
  "pk": 380,
  "fields": {
    "action_time": "2021-08-16T23:34:27.436Z",
    "user": 1,
    "content_type": 3,
    "object_id": "14419",
    "object_repr": "RequestEvent object (14419)",
    "action_flag": 3,
    "change_message": ""
  }
},
{
  "model": "admin.logentry",
  "pk": 381,
  "fields": {
    "action_time": "2021-08-16T23:34:27.437Z",
    "user": 1,
    "content_type": 3,
    "object_id": "14418",
    "object_repr": "RequestEvent object (14418)",
    "action_flag": 3,
    "change_message": ""
  }
},
{
  "model": "admin.logentry",
  "pk": 382,
  "fields": {
    "action_time": "2021-08-16T23:34:27.439Z",
    "user": 1,
    "content_type": 3,
    "object_id": "14417",
    "object_repr": "RequestEvent object (14417)",
    "action_flag": 3,
    "change_message": ""
  }
},
{
  "model": "admin.logentry",
  "pk": 383,
  "fields": {
    "action_time": "2021-08-16T23:34:27.440Z",
    "user": 1,
    "content_type": 3,
    "object_id": "14416",
    "object_repr": "RequestEvent object (14416)",
    "action_flag": 3,
    "change_message": ""
  }
},
{
  "model": "admin.logentry",
  "pk": 384,
  "fields": {
    "action_time": "2021-08-16T23:34:27.442Z",
    "user": 1,
    "content_type": 3,
    "object_id": "14415",
    "object_repr": "RequestEvent object (14415)",
    "action_flag": 3,
    "change_message": ""
  }
},
{
  "model": "admin.logentry",
  "pk": 385,
  "fields": {
    "action_time": "2021-08-16T23:34:27.443Z",
    "user": 1,
    "content_type": 3,
    "object_id": "14414",
    "object_repr": "RequestEvent object (14414)",
    "action_flag": 3,
    "change_message": ""
  }
},
{
  "model": "admin.logentry",
  "pk": 386,
  "fields": {
    "action_time": "2021-08-16T23:34:27.444Z",
    "user": 1,
    "content_type": 3,
    "object_id": "14413",
    "object_repr": "RequestEvent object (14413)",
    "action_flag": 3,
    "change_message": ""
  }
},
{
  "model": "admin.logentry",
  "pk": 387,
  "fields": {
    "action_time": "2021-08-16T23:34:27.446Z",
    "user": 1,
    "content_type": 3,
    "object_id": "14412",
    "object_repr": "RequestEvent object (14412)",
    "action_flag": 3,
    "change_message": ""
  }
},
{
  "model": "admin.logentry",
  "pk": 388,
  "fields": {
    "action_time": "2021-08-16T23:34:27.447Z",
    "user": 1,
    "content_type": 3,
    "object_id": "14411",
    "object_repr": "RequestEvent object (14411)",
    "action_flag": 3,
    "change_message": ""
  }
},
{
  "model": "admin.logentry",
  "pk": 389,
  "fields": {
    "action_time": "2021-08-16T23:34:27.448Z",
    "user": 1,
    "content_type": 3,
    "object_id": "14410",
    "object_repr": "RequestEvent object (14410)",
    "action_flag": 3,
    "change_message": ""
  }
},
{
  "model": "admin.logentry",
  "pk": 390,
  "fields": {
    "action_time": "2021-08-16T23:34:27.450Z",
    "user": 1,
    "content_type": 3,
    "object_id": "14409",
    "object_repr": "RequestEvent object (14409)",
    "action_flag": 3,
    "change_message": ""
  }
},
{
  "model": "admin.logentry",
  "pk": 391,
  "fields": {
    "action_time": "2021-08-16T23:34:27.452Z",
    "user": 1,
    "content_type": 3,
    "object_id": "14408",
    "object_repr": "RequestEvent object (14408)",
    "action_flag": 3,
    "change_message": ""
  }
},
{
  "model": "admin.logentry",
  "pk": 392,
  "fields": {
    "action_time": "2021-08-16T23:34:27.454Z",
    "user": 1,
    "content_type": 3,
    "object_id": "14407",
    "object_repr": "RequestEvent object (14407)",
    "action_flag": 3,
    "change_message": ""
  }
},
{
  "model": "admin.logentry",
  "pk": 393,
  "fields": {
    "action_time": "2021-08-16T23:34:27.455Z",
    "user": 1,
    "content_type": 3,
    "object_id": "14406",
    "object_repr": "RequestEvent object (14406)",
    "action_flag": 3,
    "change_message": ""
  }
},
{
  "model": "admin.logentry",
  "pk": 394,
  "fields": {
    "action_time": "2021-08-16T23:34:27.456Z",
    "user": 1,
    "content_type": 3,
    "object_id": "14405",
    "object_repr": "RequestEvent object (14405)",
    "action_flag": 3,
    "change_message": ""
  }
},
{
  "model": "admin.logentry",
  "pk": 395,
  "fields": {
    "action_time": "2021-08-16T23:34:27.458Z",
    "user": 1,
    "content_type": 3,
    "object_id": "14404",
    "object_repr": "RequestEvent object (14404)",
    "action_flag": 3,
    "change_message": ""
  }
},
{
  "model": "admin.logentry",
  "pk": 396,
  "fields": {
    "action_time": "2021-08-16T23:34:27.459Z",
    "user": 1,
    "content_type": 3,
    "object_id": "14403",
    "object_repr": "RequestEvent object (14403)",
    "action_flag": 3,
    "change_message": ""
  }
},
{
  "model": "admin.logentry",
  "pk": 397,
  "fields": {
    "action_time": "2021-08-16T23:34:27.460Z",
    "user": 1,
    "content_type": 3,
    "object_id": "14402",
    "object_repr": "RequestEvent object (14402)",
    "action_flag": 3,
    "change_message": ""
  }
},
{
  "model": "admin.logentry",
  "pk": 398,
  "fields": {
    "action_time": "2021-08-16T23:34:27.462Z",
    "user": 1,
    "content_type": 3,
    "object_id": "14401",
    "object_repr": "RequestEvent object (14401)",
    "action_flag": 3,
    "change_message": ""
  }
},
{
  "model": "admin.logentry",
  "pk": 399,
  "fields": {
    "action_time": "2021-08-16T23:34:27.463Z",
    "user": 1,
    "content_type": 3,
    "object_id": "14400",
    "object_repr": "RequestEvent object (14400)",
    "action_flag": 3,
    "change_message": ""
  }
},
{
  "model": "admin.logentry",
  "pk": 400,
  "fields": {
    "action_time": "2021-08-16T23:34:27.464Z",
    "user": 1,
    "content_type": 3,
    "object_id": "14399",
    "object_repr": "RequestEvent object (14399)",
    "action_flag": 3,
    "change_message": ""
  }
},
{
  "model": "admin.logentry",
  "pk": 401,
  "fields": {
    "action_time": "2021-08-16T23:34:27.465Z",
    "user": 1,
    "content_type": 3,
    "object_id": "14398",
    "object_repr": "RequestEvent object (14398)",
    "action_flag": 3,
    "change_message": ""
  }
},
{
  "model": "admin.logentry",
  "pk": 402,
  "fields": {
    "action_time": "2021-08-16T23:34:27.466Z",
    "user": 1,
    "content_type": 3,
    "object_id": "14397",
    "object_repr": "RequestEvent object (14397)",
    "action_flag": 3,
    "change_message": ""
  }
},
{
  "model": "admin.logentry",
  "pk": 403,
  "fields": {
    "action_time": "2021-08-16T23:34:27.467Z",
    "user": 1,
    "content_type": 3,
    "object_id": "14396",
    "object_repr": "RequestEvent object (14396)",
    "action_flag": 3,
    "change_message": ""
  }
},
{
  "model": "admin.logentry",
  "pk": 404,
  "fields": {
    "action_time": "2021-08-16T23:34:27.468Z",
    "user": 1,
    "content_type": 3,
    "object_id": "14395",
    "object_repr": "RequestEvent object (14395)",
    "action_flag": 3,
    "change_message": ""
  }
},
{
  "model": "admin.logentry",
  "pk": 405,
  "fields": {
    "action_time": "2021-08-16T23:34:27.469Z",
    "user": 1,
    "content_type": 3,
    "object_id": "14394",
    "object_repr": "RequestEvent object (14394)",
    "action_flag": 3,
    "change_message": ""
  }
},
{
  "model": "admin.logentry",
  "pk": 406,
  "fields": {
    "action_time": "2021-08-16T23:34:27.470Z",
    "user": 1,
    "content_type": 3,
    "object_id": "14393",
    "object_repr": "RequestEvent object (14393)",
    "action_flag": 3,
    "change_message": ""
  }
},
{
  "model": "admin.logentry",
  "pk": 407,
  "fields": {
    "action_time": "2021-08-16T23:34:27.472Z",
    "user": 1,
    "content_type": 3,
    "object_id": "14392",
    "object_repr": "RequestEvent object (14392)",
    "action_flag": 3,
    "change_message": ""
  }
},
{
  "model": "admin.logentry",
  "pk": 408,
  "fields": {
    "action_time": "2021-08-16T23:34:27.473Z",
    "user": 1,
    "content_type": 3,
    "object_id": "14391",
    "object_repr": "RequestEvent object (14391)",
    "action_flag": 3,
    "change_message": ""
  }
},
{
  "model": "admin.logentry",
  "pk": 409,
  "fields": {
    "action_time": "2021-08-16T23:34:27.474Z",
    "user": 1,
    "content_type": 3,
    "object_id": "14390",
    "object_repr": "RequestEvent object (14390)",
    "action_flag": 3,
    "change_message": ""
  }
},
{
  "model": "admin.logentry",
  "pk": 410,
  "fields": {
    "action_time": "2021-08-16T23:34:27.476Z",
    "user": 1,
    "content_type": 3,
    "object_id": "14389",
    "object_repr": "RequestEvent object (14389)",
    "action_flag": 3,
    "change_message": ""
  }
},
{
  "model": "admin.logentry",
  "pk": 411,
  "fields": {
    "action_time": "2021-08-16T23:34:27.477Z",
    "user": 1,
    "content_type": 3,
    "object_id": "14388",
    "object_repr": "RequestEvent object (14388)",
    "action_flag": 3,
    "change_message": ""
  }
},
{
  "model": "admin.logentry",
  "pk": 412,
  "fields": {
    "action_time": "2021-08-16T23:34:27.478Z",
    "user": 1,
    "content_type": 3,
    "object_id": "14387",
    "object_repr": "RequestEvent object (14387)",
    "action_flag": 3,
    "change_message": ""
  }
},
{
  "model": "admin.logentry",
  "pk": 413,
  "fields": {
    "action_time": "2021-08-16T23:34:27.479Z",
    "user": 1,
    "content_type": 3,
    "object_id": "14386",
    "object_repr": "RequestEvent object (14386)",
    "action_flag": 3,
    "change_message": ""
  }
},
{
  "model": "admin.logentry",
  "pk": 414,
  "fields": {
    "action_time": "2021-08-16T23:34:27.480Z",
    "user": 1,
    "content_type": 3,
    "object_id": "14385",
    "object_repr": "RequestEvent object (14385)",
    "action_flag": 3,
    "change_message": ""
  }
},
{
  "model": "admin.logentry",
  "pk": 415,
  "fields": {
    "action_time": "2021-08-16T23:34:27.481Z",
    "user": 1,
    "content_type": 3,
    "object_id": "14384",
    "object_repr": "RequestEvent object (14384)",
    "action_flag": 3,
    "change_message": ""
  }
},
{
  "model": "admin.logentry",
  "pk": 416,
  "fields": {
    "action_time": "2021-08-16T23:34:27.482Z",
    "user": 1,
    "content_type": 3,
    "object_id": "14383",
    "object_repr": "RequestEvent object (14383)",
    "action_flag": 3,
    "change_message": ""
  }
},
{
  "model": "admin.logentry",
  "pk": 417,
  "fields": {
    "action_time": "2021-08-16T23:34:27.483Z",
    "user": 1,
    "content_type": 3,
    "object_id": "14382",
    "object_repr": "RequestEvent object (14382)",
    "action_flag": 3,
    "change_message": ""
  }
},
{
  "model": "admin.logentry",
  "pk": 418,
  "fields": {
    "action_time": "2021-08-16T23:34:27.484Z",
    "user": 1,
    "content_type": 3,
    "object_id": "14381",
    "object_repr": "RequestEvent object (14381)",
    "action_flag": 3,
    "change_message": ""
  }
},
{
  "model": "admin.logentry",
  "pk": 419,
  "fields": {
    "action_time": "2021-08-16T23:34:27.485Z",
    "user": 1,
    "content_type": 3,
    "object_id": "14380",
    "object_repr": "RequestEvent object (14380)",
    "action_flag": 3,
    "change_message": ""
  }
},
{
  "model": "admin.logentry",
  "pk": 420,
  "fields": {
    "action_time": "2021-08-16T23:34:27.486Z",
    "user": 1,
    "content_type": 3,
    "object_id": "14379",
    "object_repr": "RequestEvent object (14379)",
    "action_flag": 3,
    "change_message": ""
  }
},
{
  "model": "admin.logentry",
  "pk": 421,
  "fields": {
    "action_time": "2021-08-16T23:34:27.487Z",
    "user": 1,
    "content_type": 3,
    "object_id": "14378",
    "object_repr": "RequestEvent object (14378)",
    "action_flag": 3,
    "change_message": ""
  }
},
{
  "model": "admin.logentry",
  "pk": 422,
  "fields": {
    "action_time": "2021-08-16T23:34:27.488Z",
    "user": 1,
    "content_type": 3,
    "object_id": "14377",
    "object_repr": "RequestEvent object (14377)",
    "action_flag": 3,
    "change_message": ""
  }
},
{
  "model": "admin.logentry",
  "pk": 423,
  "fields": {
    "action_time": "2021-08-16T23:34:27.489Z",
    "user": 1,
    "content_type": 3,
    "object_id": "14376",
    "object_repr": "RequestEvent object (14376)",
    "action_flag": 3,
    "change_message": ""
  }
},
{
  "model": "admin.logentry",
  "pk": 424,
  "fields": {
    "action_time": "2021-08-16T23:34:27.489Z",
    "user": 1,
    "content_type": 3,
    "object_id": "14375",
    "object_repr": "RequestEvent object (14375)",
    "action_flag": 3,
    "change_message": ""
  }
},
{
  "model": "admin.logentry",
  "pk": 425,
  "fields": {
    "action_time": "2021-08-16T23:34:27.490Z",
    "user": 1,
    "content_type": 3,
    "object_id": "14374",
    "object_repr": "RequestEvent object (14374)",
    "action_flag": 3,
    "change_message": ""
  }
},
{
  "model": "admin.logentry",
  "pk": 426,
  "fields": {
    "action_time": "2021-08-16T23:34:27.491Z",
    "user": 1,
    "content_type": 3,
    "object_id": "14373",
    "object_repr": "RequestEvent object (14373)",
    "action_flag": 3,
    "change_message": ""
  }
},
{
  "model": "admin.logentry",
  "pk": 427,
  "fields": {
    "action_time": "2021-08-16T23:34:27.492Z",
    "user": 1,
    "content_type": 3,
    "object_id": "14372",
    "object_repr": "RequestEvent object (14372)",
    "action_flag": 3,
    "change_message": ""
  }
},
{
  "model": "admin.logentry",
  "pk": 428,
  "fields": {
    "action_time": "2021-08-16T23:34:27.494Z",
    "user": 1,
    "content_type": 3,
    "object_id": "14371",
    "object_repr": "RequestEvent object (14371)",
    "action_flag": 3,
    "change_message": ""
  }
},
{
  "model": "admin.logentry",
  "pk": 429,
  "fields": {
    "action_time": "2021-08-16T23:34:27.495Z",
    "user": 1,
    "content_type": 3,
    "object_id": "14370",
    "object_repr": "RequestEvent object (14370)",
    "action_flag": 3,
    "change_message": ""
  }
},
{
  "model": "admin.logentry",
  "pk": 430,
  "fields": {
    "action_time": "2021-08-16T23:34:27.496Z",
    "user": 1,
    "content_type": 3,
    "object_id": "14369",
    "object_repr": "RequestEvent object (14369)",
    "action_flag": 3,
    "change_message": ""
  }
},
{
  "model": "admin.logentry",
  "pk": 431,
  "fields": {
    "action_time": "2021-08-16T23:34:27.497Z",
    "user": 1,
    "content_type": 3,
    "object_id": "14368",
    "object_repr": "RequestEvent object (14368)",
    "action_flag": 3,
    "change_message": ""
  }
},
{
  "model": "admin.logentry",
  "pk": 432,
  "fields": {
    "action_time": "2021-08-16T23:34:27.499Z",
    "user": 1,
    "content_type": 3,
    "object_id": "14367",
    "object_repr": "RequestEvent object (14367)",
    "action_flag": 3,
    "change_message": ""
  }
},
{
  "model": "admin.logentry",
  "pk": 433,
  "fields": {
    "action_time": "2021-08-16T23:34:27.500Z",
    "user": 1,
    "content_type": 3,
    "object_id": "14366",
    "object_repr": "RequestEvent object (14366)",
    "action_flag": 3,
    "change_message": ""
  }
},
{
  "model": "admin.logentry",
  "pk": 434,
  "fields": {
    "action_time": "2021-08-16T23:34:27.501Z",
    "user": 1,
    "content_type": 3,
    "object_id": "14365",
    "object_repr": "RequestEvent object (14365)",
    "action_flag": 3,
    "change_message": ""
  }
},
{
  "model": "admin.logentry",
  "pk": 435,
  "fields": {
    "action_time": "2021-08-16T23:34:27.503Z",
    "user": 1,
    "content_type": 3,
    "object_id": "14364",
    "object_repr": "RequestEvent object (14364)",
    "action_flag": 3,
    "change_message": ""
  }
},
{
  "model": "admin.logentry",
  "pk": 436,
  "fields": {
    "action_time": "2021-08-16T23:34:27.504Z",
    "user": 1,
    "content_type": 3,
    "object_id": "14363",
    "object_repr": "RequestEvent object (14363)",
    "action_flag": 3,
    "change_message": ""
  }
},
{
  "model": "admin.logentry",
  "pk": 437,
  "fields": {
    "action_time": "2021-08-16T23:34:27.505Z",
    "user": 1,
    "content_type": 3,
    "object_id": "14362",
    "object_repr": "RequestEvent object (14362)",
    "action_flag": 3,
    "change_message": ""
  }
},
{
  "model": "admin.logentry",
  "pk": 438,
  "fields": {
    "action_time": "2021-08-16T23:34:27.506Z",
    "user": 1,
    "content_type": 3,
    "object_id": "14361",
    "object_repr": "RequestEvent object (14361)",
    "action_flag": 3,
    "change_message": ""
  }
},
{
  "model": "admin.logentry",
  "pk": 439,
  "fields": {
    "action_time": "2021-08-16T23:34:27.508Z",
    "user": 1,
    "content_type": 3,
    "object_id": "14360",
    "object_repr": "RequestEvent object (14360)",
    "action_flag": 3,
    "change_message": ""
  }
},
{
  "model": "admin.logentry",
  "pk": 440,
  "fields": {
    "action_time": "2021-08-16T23:34:27.509Z",
    "user": 1,
    "content_type": 3,
    "object_id": "14359",
    "object_repr": "RequestEvent object (14359)",
    "action_flag": 3,
    "change_message": ""
  }
},
{
  "model": "admin.logentry",
  "pk": 441,
  "fields": {
    "action_time": "2021-08-16T23:34:27.511Z",
    "user": 1,
    "content_type": 3,
    "object_id": "14358",
    "object_repr": "RequestEvent object (14358)",
    "action_flag": 3,
    "change_message": ""
  }
},
{
  "model": "admin.logentry",
  "pk": 442,
  "fields": {
    "action_time": "2021-08-16T23:34:27.512Z",
    "user": 1,
    "content_type": 3,
    "object_id": "14357",
    "object_repr": "RequestEvent object (14357)",
    "action_flag": 3,
    "change_message": ""
  }
},
{
  "model": "admin.logentry",
  "pk": 443,
  "fields": {
    "action_time": "2021-08-16T23:34:27.513Z",
    "user": 1,
    "content_type": 3,
    "object_id": "14356",
    "object_repr": "RequestEvent object (14356)",
    "action_flag": 3,
    "change_message": ""
  }
},
{
  "model": "admin.logentry",
  "pk": 444,
  "fields": {
    "action_time": "2021-08-16T23:34:27.514Z",
    "user": 1,
    "content_type": 3,
    "object_id": "14355",
    "object_repr": "RequestEvent object (14355)",
    "action_flag": 3,
    "change_message": ""
  }
},
{
  "model": "admin.logentry",
  "pk": 445,
  "fields": {
    "action_time": "2021-08-16T23:34:27.516Z",
    "user": 1,
    "content_type": 3,
    "object_id": "14354",
    "object_repr": "RequestEvent object (14354)",
    "action_flag": 3,
    "change_message": ""
  }
},
{
  "model": "admin.logentry",
  "pk": 446,
  "fields": {
    "action_time": "2021-08-16T23:34:27.517Z",
    "user": 1,
    "content_type": 3,
    "object_id": "14353",
    "object_repr": "RequestEvent object (14353)",
    "action_flag": 3,
    "change_message": ""
  }
},
{
  "model": "admin.logentry",
  "pk": 447,
  "fields": {
    "action_time": "2021-08-16T23:34:27.518Z",
    "user": 1,
    "content_type": 3,
    "object_id": "14352",
    "object_repr": "RequestEvent object (14352)",
    "action_flag": 3,
    "change_message": ""
  }
},
{
  "model": "admin.logentry",
  "pk": 448,
  "fields": {
    "action_time": "2021-08-16T23:34:27.519Z",
    "user": 1,
    "content_type": 3,
    "object_id": "14351",
    "object_repr": "RequestEvent object (14351)",
    "action_flag": 3,
    "change_message": ""
  }
},
{
  "model": "admin.logentry",
  "pk": 449,
  "fields": {
    "action_time": "2021-08-16T23:34:27.521Z",
    "user": 1,
    "content_type": 3,
    "object_id": "14350",
    "object_repr": "RequestEvent object (14350)",
    "action_flag": 3,
    "change_message": ""
  }
},
{
  "model": "admin.logentry",
  "pk": 450,
  "fields": {
    "action_time": "2021-08-16T23:34:27.522Z",
    "user": 1,
    "content_type": 3,
    "object_id": "14349",
    "object_repr": "RequestEvent object (14349)",
    "action_flag": 3,
    "change_message": ""
  }
},
{
  "model": "admin.logentry",
  "pk": 451,
  "fields": {
    "action_time": "2021-08-16T23:34:27.523Z",
    "user": 1,
    "content_type": 3,
    "object_id": "14348",
    "object_repr": "RequestEvent object (14348)",
    "action_flag": 3,
    "change_message": ""
  }
},
{
  "model": "admin.logentry",
  "pk": 452,
  "fields": {
    "action_time": "2021-08-16T23:34:27.524Z",
    "user": 1,
    "content_type": 3,
    "object_id": "14347",
    "object_repr": "RequestEvent object (14347)",
    "action_flag": 3,
    "change_message": ""
  }
},
{
  "model": "admin.logentry",
  "pk": 453,
  "fields": {
    "action_time": "2021-08-16T23:34:27.525Z",
    "user": 1,
    "content_type": 3,
    "object_id": "14346",
    "object_repr": "RequestEvent object (14346)",
    "action_flag": 3,
    "change_message": ""
  }
},
{
  "model": "admin.logentry",
  "pk": 454,
  "fields": {
    "action_time": "2021-08-16T23:34:27.527Z",
    "user": 1,
    "content_type": 3,
    "object_id": "14345",
    "object_repr": "RequestEvent object (14345)",
    "action_flag": 3,
    "change_message": ""
  }
},
{
  "model": "admin.logentry",
  "pk": 455,
  "fields": {
    "action_time": "2021-08-16T23:34:27.528Z",
    "user": 1,
    "content_type": 3,
    "object_id": "14344",
    "object_repr": "RequestEvent object (14344)",
    "action_flag": 3,
    "change_message": ""
  }
},
{
  "model": "admin.logentry",
  "pk": 456,
  "fields": {
    "action_time": "2021-08-16T23:34:27.529Z",
    "user": 1,
    "content_type": 3,
    "object_id": "14343",
    "object_repr": "RequestEvent object (14343)",
    "action_flag": 3,
    "change_message": ""
  }
},
{
  "model": "admin.logentry",
  "pk": 457,
  "fields": {
    "action_time": "2021-08-16T23:34:27.531Z",
    "user": 1,
    "content_type": 3,
    "object_id": "14342",
    "object_repr": "RequestEvent object (14342)",
    "action_flag": 3,
    "change_message": ""
  }
},
{
  "model": "admin.logentry",
  "pk": 458,
  "fields": {
    "action_time": "2021-08-16T23:34:27.532Z",
    "user": 1,
    "content_type": 3,
    "object_id": "14341",
    "object_repr": "RequestEvent object (14341)",
    "action_flag": 3,
    "change_message": ""
  }
},
{
  "model": "admin.logentry",
  "pk": 459,
  "fields": {
    "action_time": "2021-08-16T23:34:27.533Z",
    "user": 1,
    "content_type": 3,
    "object_id": "14340",
    "object_repr": "RequestEvent object (14340)",
    "action_flag": 3,
    "change_message": ""
  }
},
{
  "model": "admin.logentry",
  "pk": 460,
  "fields": {
    "action_time": "2021-08-17T20:24:34.160Z",
    "user": 1,
    "content_type": 30,
    "object_id": "2",
    "object_repr": "10103001 - Gerência de Comunicação",
    "action_flag": 1,
    "change_message": "[{\"added\": {}}]"
  }
},
{
  "model": "admin.logentry",
  "pk": 461,
  "fields": {
    "action_time": "2021-08-17T20:24:46.015Z",
    "user": 1,
    "content_type": 30,
    "object_id": "1",
    "object_repr": "20201001 - Eventos",
    "action_flag": 2,
    "change_message": "[{\"changed\": {\"fields\": [\"Descricao\"]}}]"
  }
},
{
  "model": "admin.logentry",
  "pk": 462,
  "fields": {
    "action_time": "2021-08-17T20:25:08.896Z",
    "user": 1,
    "content_type": 29,
    "object_id": "2",
    "object_repr": "305030411 - Consultoria e Assessoria",
    "action_flag": 1,
    "change_message": "[{\"added\": {}}]"
  }
},
{
  "model": "admin.logentry",
  "pk": 463,
  "fields": {
    "action_time": "2021-08-19T14:57:57.271Z",
    "user": 1,
    "content_type": 12,
    "object_id": "3",
    "object_repr": "Veículos",
    "action_flag": 1,
    "change_message": "[{\"added\": {}}]"
  }
},
{
  "model": "admin.logentry",
  "pk": 464,
  "fields": {
    "action_time": "2021-08-19T14:58:27.596Z",
    "user": 1,
    "content_type": 16,
    "object_id": "4",
    "object_repr": "Locação - Veículos - Veículos sem motorista",
    "action_flag": 1,
    "change_message": "[{\"added\": {}}]"
  }
},
{
  "model": "admin.logentry",
  "pk": 465,
  "fields": {
    "action_time": "2021-08-19T14:58:34.980Z",
    "user": 1,
    "content_type": 16,
    "object_id": "4",
    "object_repr": "Locação - Veículos - Veículo sem motorista",
    "action_flag": 2,
    "change_message": "[{\"changed\": {\"fields\": [\"Descri\\u00e7\\u00e3o\"]}}]"
  }
},
{
  "model": "admin.logentry",
  "pk": 466,
  "fields": {
    "action_time": "2021-08-19T14:59:50.896Z",
    "user": 1,
    "content_type": 7,
    "object_id": "7",
    "object_repr": "joao.brito",
    "action_flag": 1,
    "change_message": "[{\"added\": {}}]"
  }
},
{
  "model": "admin.logentry",
  "pk": 467,
  "fields": {
    "action_time": "2021-08-19T15:00:33.845Z",
    "user": 1,
    "content_type": 7,
    "object_id": "7",
    "object_repr": "joao.brito",
    "action_flag": 2,
    "change_message": "[{\"changed\": {\"fields\": [\"First name\", \"Last name\", \"Email address\"]}}]"
  }
},
{
  "model": "admin.logentry",
  "pk": 468,
  "fields": {
    "action_time": "2021-08-19T15:01:21.663Z",
    "user": 1,
    "content_type": 24,
    "object_id": "10",
    "object_repr": "CSE",
    "action_flag": 1,
    "change_message": "[{\"added\": {}}]"
  }
},
{
  "model": "admin.logentry",
  "pk": 469,
  "fields": {
    "action_time": "2021-08-19T15:01:23.277Z",
    "user": 1,
    "content_type": 23,
    "object_id": "36",
    "object_repr": "DNE/GT/CSE - Coordenadoria de Serviços",
    "action_flag": 1,
    "change_message": "[{\"added\": {}}]"
  }
},
{
  "model": "admin.logentry",
  "pk": 470,
  "fields": {
    "action_time": "2021-08-19T15:01:42.603Z",
    "user": 1,
    "content_type": 27,
    "object_id": "5",
    "object_repr": "Chefe de Coordenadoria de Serviços",
    "action_flag": 1,
    "change_message": "[{\"added\": {}}]"
  }
},
{
  "model": "admin.logentry",
  "pk": 471,
  "fields": {
    "action_time": "2021-08-19T15:01:44.675Z",
    "user": 1,
    "content_type": 28,
    "object_id": "7",
    "object_repr": "João Paulo de Brito",
    "action_flag": 1,
    "change_message": "[{\"added\": {}}]"
  }
},
{
  "model": "admin.logentry",
  "pk": 472,
  "fields": {
    "action_time": "2021-08-19T15:02:24.390Z",
    "user": 1,
    "content_type": 30,
    "object_id": "3",
    "object_repr": "10406003 - Coordenadoria de Serviços",
    "action_flag": 1,
    "change_message": "[{\"added\": {}}]"
  }
},
{
  "model": "admin.logentry",
  "pk": 473,
  "fields": {
    "action_time": "2021-08-19T15:02:57.727Z",
    "user": 1,
    "content_type": 29,
    "object_id": "3",
    "object_repr": "305030308 - Manutenção de Veículos",
    "action_flag": 1,
    "change_message": "[{\"added\": {}}]"
  }
},
{
  "model": "admin.logentry",
  "pk": 474,
  "fields": {
    "action_time": "2021-08-19T20:16:09.052Z",
    "user": 1,
    "content_type": 14,
    "object_id": "7",
    "object_repr": "PC - Peça",
    "action_flag": 1,
    "change_message": "[{\"added\": {}}]"
  }
},
{
  "model": "admin.logentry",
  "pk": 475,
  "fields": {
    "action_time": "2021-08-19T20:17:35.494Z",
    "user": 1,
    "content_type": 7,
    "object_id": "8",
    "object_repr": "luisgaspar",
    "action_flag": 1,
    "change_message": "[{\"added\": {}}]"
  }
},
{
  "model": "admin.logentry",
  "pk": 476,
  "fields": {
    "action_time": "2021-08-19T20:18:15.078Z",
    "user": 1,
    "content_type": 28,
    "object_id": "8",
    "object_repr": " ",
    "action_flag": 1,
    "change_message": "[{\"added\": {}}]"
  }
},
{
  "model": "admin.logentry",
  "pk": 477,
  "fields": {
    "action_time": "2021-08-19T20:18:43.759Z",
    "user": 1,
    "content_type": 28,
    "object_id": "7",
    "object_repr": "João Paulo de Brito",
    "action_flag": 2,
    "change_message": "[{\"changed\": {\"fields\": [\"Cargo\"]}}]"
  }
},
{
  "model": "admin.logentry",
  "pk": 478,
  "fields": {
    "action_time": "2021-08-19T20:18:52.978Z",
    "user": 1,
    "content_type": 28,
    "object_id": "2",
    "object_repr": "Janete Novaes",
    "action_flag": 2,
    "change_message": "[{\"changed\": {\"fields\": [\"Cargo\"]}}]"
  }
},
{
  "model": "admin.logentry",
  "pk": 479,
  "fields": {
    "action_time": "2021-08-19T20:19:05.476Z",
    "user": 1,
    "content_type": 27,
    "object_id": "5",
    "object_repr": "Chefe de Coordenadoria de Serviços",
    "action_flag": 3,
    "change_message": ""
  }
},
{
  "model": "admin.logentry",
  "pk": 480,
  "fields": {
    "action_time": "2021-08-19T20:19:05.479Z",
    "user": 1,
    "content_type": 27,
    "object_id": "3",
    "object_repr": "Chefe da Coordenadoria de Planejamento e Controle",
    "action_flag": 3,
    "change_message": ""
  }
},
{
  "model": "admin.logentry",
  "pk": 481,
  "fields": {
    "action_time": "2021-08-19T20:19:17.419Z",
    "user": 1,
    "content_type": 27,
    "object_id": "1",
    "object_repr": "Chefe de Coordenadoria",
    "action_flag": 2,
    "change_message": "[{\"changed\": {\"fields\": [\"Nome\"]}}]"
  }
},
{
  "model": "admin.logentry",
  "pk": 482,
  "fields": {
    "action_time": "2021-08-19T20:19:29.334Z",
    "user": 1,
    "content_type": 27,
    "object_id": "6",
    "object_repr": "Gerente",
    "action_flag": 1,
    "change_message": "[{\"added\": {}}]"
  }
},
{
  "model": "admin.logentry",
  "pk": 483,
  "fields": {
    "action_time": "2021-08-19T20:20:05.305Z",
    "user": 1,
    "content_type": 30,
    "object_id": "4",
    "object_repr": "10403001 - Gerência de Manutenção",
    "action_flag": 1,
    "change_message": "[{\"added\": {}}]"
  }
},
{
  "model": "admin.logentry",
  "pk": 484,
  "fields": {
    "action_time": "2021-08-19T20:20:31.566Z",
    "user": 1,
    "content_type": 29,
    "object_id": "4",
    "object_repr": "305030306 - Manutenção de Equipamentos",
    "action_flag": 1,
    "change_message": "[{\"added\": {}}]"
  }
},
{
  "model": "admin.logentry",
  "pk": 485,
  "fields": {
    "action_time": "2021-08-19T20:22:38.722Z",
    "user": 1,
    "content_type": 7,
    "object_id": "8",
    "object_repr": "luisgaspar",
    "action_flag": 2,
    "change_message": "[{\"changed\": {\"fields\": [\"First name\", \"Last name\", \"Email address\"]}}]"
  }
},
{
  "model": "admin.logentry",
  "pk": 486,
  "fields": {
    "action_time": "2021-08-19T20:40:44.487Z",
    "user": 1,
    "content_type": 7,
    "object_id": "9",
    "object_repr": "marcio",
    "action_flag": 1,
    "change_message": "[{\"added\": {}}]"
  }
},
{
  "model": "admin.logentry",
  "pk": 487,
  "fields": {
    "action_time": "2021-08-19T20:41:10.147Z",
    "user": 1,
    "content_type": 28,
    "object_id": "9",
    "object_repr": " ",
    "action_flag": 1,
    "change_message": "[{\"added\": {}}]"
  }
},
{
  "model": "admin.logentry",
  "pk": 488,
  "fields": {
    "action_time": "2021-08-19T20:41:20.846Z",
    "user": 1,
    "content_type": 7,
    "object_id": "10",
    "object_repr": "edson",
    "action_flag": 1,
    "change_message": "[{\"added\": {}}]"
  }
},
{
  "model": "admin.logentry",
  "pk": 489,
  "fields": {
    "action_time": "2021-08-19T20:41:43.263Z",
    "user": 1,
    "content_type": 7,
    "object_id": "10",
    "object_repr": "edson",
    "action_flag": 2,
    "change_message": "[{\"changed\": {\"fields\": [\"First name\", \"Last name\"]}}]"
  }
},
{
  "model": "admin.logentry",
  "pk": 490,
  "fields": {
    "action_time": "2021-08-19T20:42:00.842Z",
    "user": 1,
    "content_type": 7,
    "object_id": "10",
    "object_repr": "edson",
    "action_flag": 2,
    "change_message": "[{\"changed\": {\"fields\": [\"Email address\", \"User permissions\"]}}]"
  }
},
{
  "model": "admin.logentry",
  "pk": 491,
  "fields": {
    "action_time": "2021-08-19T20:42:03.300Z",
    "user": 1,
    "content_type": 28,
    "object_id": "10",
    "object_repr": "Edson Antonio Saura",
    "action_flag": 1,
    "change_message": "[{\"added\": {}}]"
  }
},
{
  "model": "admin.logentry",
  "pk": 492,
  "fields": {
    "action_time": "2021-08-19T20:42:38.813Z",
    "user": 1,
    "content_type": 7,
    "object_id": "9",
    "object_repr": "marcio",
    "action_flag": 2,
    "change_message": "[{\"changed\": {\"fields\": [\"First name\", \"Last name\", \"Email address\"]}}]"
  }
},
{
  "model": "admin.logentry",
  "pk": 493,
  "fields": {
    "action_time": "2021-08-19T20:43:14.071Z",
    "user": 1,
    "content_type": 30,
    "object_id": "5",
    "object_repr": "10305001 - Gerência de Compras e Contratos",
    "action_flag": 1,
    "change_message": "[{\"added\": {}}]"
  }
},
{
  "model": "admin.logentry",
  "pk": 494,
  "fields": {
    "action_time": "2021-08-19T20:43:39.866Z",
    "user": 1,
    "content_type": 29,
    "object_id": "5",
    "object_repr": "101050101 - Almoxarifado - Materiais de Consumo",
    "action_flag": 1,
    "change_message": "[{\"added\": {}}]"
  }
},
{
  "model": "admin.logentry",
  "pk": 495,
  "fields": {
    "action_time": "2021-08-19T22:26:12.587Z",
    "user": 1,
    "content_type": 29,
    "object_id": "6",
    "object_repr": "305010309 - Treinamentos, Cursos e Aperfeiçoamentos Técnicos",
    "action_flag": 1,
    "change_message": "[{\"added\": {}}]"
  }
},
{
  "model": "admin.logentry",
  "pk": 496,
  "fields": {
    "action_time": "2021-08-19T22:26:45.216Z",
    "user": 1,
    "content_type": 30,
    "object_id": "6",
    "object_repr": "10302001 - Área de Pessoas",
    "action_flag": 1,
    "change_message": "[{\"added\": {}}]"
  }
},
{
  "model": "admin.logentry",
  "pk": 497,
  "fields": {
    "action_time": "2021-08-19T22:30:52.462Z",
    "user": 1,
    "content_type": 30,
    "object_id": "7",
    "object_repr": "14004002 - Coordenadoria Jurídica, Licitações e Contratos Administrativos",
    "action_flag": 1,
    "change_message": "[{\"added\": {}}]"
  }
},
{
  "model": "admin.logentry",
  "pk": 498,
  "fields": {
    "action_time": "2021-08-19T22:38:43.424Z",
    "user": 1,
    "content_type": 7,
    "object_id": "11",
    "object_repr": "andrea",
    "action_flag": 1,
    "change_message": "[{\"added\": {}}]"
  }
},
{
  "model": "admin.logentry",
  "pk": 499,
  "fields": {
    "action_time": "2021-08-19T22:39:03.156Z",
    "user": 1,
    "content_type": 7,
    "object_id": "11",
    "object_repr": "andrea",
    "action_flag": 2,
    "change_message": "[{\"changed\": {\"fields\": [\"First name\", \"Last name\", \"Email address\"]}}]"
  }
},
{
  "model": "admin.logentry",
  "pk": 500,
  "fields": {
    "action_time": "2021-08-19T22:39:15.698Z",
    "user": 1,
    "content_type": 27,
    "object_id": "7",
    "object_repr": "Advogado",
    "action_flag": 1,
    "change_message": "[{\"added\": {}}]"
  }
},
{
  "model": "admin.logentry",
  "pk": 501,
  "fields": {
    "action_time": "2021-08-19T22:39:16.771Z",
    "user": 1,
    "content_type": 28,
    "object_id": "11",
    "object_repr": "Andrea Millie Satake",
    "action_flag": 1,
    "change_message": "[{\"added\": {}}]"
  }
},
{
  "model": "admin.logentry",
  "pk": 502,
  "fields": {
    "action_time": "2021-08-19T22:40:20.850Z",
    "user": 1,
    "content_type": 7,
    "object_id": "12",
    "object_repr": "apcalves",
    "action_flag": 1,
    "change_message": "[{\"added\": {}}]"
  }
},
{
  "model": "admin.logentry",
  "pk": 503,
  "fields": {
    "action_time": "2021-08-19T22:40:41.127Z",
    "user": 1,
    "content_type": 7,
    "object_id": "12",
    "object_repr": "apcalves",
    "action_flag": 2,
    "change_message": "[{\"changed\": {\"fields\": [\"First name\", \"Last name\", \"Email address\"]}}]"
  }
},
{
  "model": "admin.logentry",
  "pk": 504,
  "fields": {
    "action_time": "2021-08-19T22:40:49.627Z",
    "user": 1,
    "content_type": 28,
    "object_id": "12",
    "object_repr": "Ana Paula Correia Alves",
    "action_flag": 1,
    "change_message": "[{\"added\": {}}]"
  }
},
{
  "model": "admin.logentry",
  "pk": 505,
  "fields": {
    "action_time": "2021-08-19T23:16:30.876Z",
    "user": 1,
    "content_type": 35,
    "object_id": "7",
    "object_repr": "CCO 0123/2021",
    "action_flag": 2,
    "change_message": "[{\"changed\": {\"fields\": [\"Tipo\", \"Subtipo\"]}}]"
  }
},
{
  "model": "admin.logentry",
  "pk": 506,
  "fields": {
    "action_time": "2021-08-19T23:18:50.415Z",
    "user": 1,
    "content_type": 35,
    "object_id": "8",
    "object_repr": "CCO 0125/2021",
    "action_flag": 2,
    "change_message": "[{\"changed\": {\"fields\": [\"Subtipo\"]}}]"
  }
},
{
  "model": "admin.logentry",
  "pk": 507,
  "fields": {
    "action_time": "2021-08-27T14:54:49.482Z",
    "user": 1,
    "content_type": 3,
    "object_id": "16623",
    "object_repr": "RequestEvent object (16623)",
    "action_flag": 3,
    "change_message": ""
  }
},
{
  "model": "admin.logentry",
  "pk": 508,
  "fields": {
    "action_time": "2021-08-27T14:54:49.486Z",
    "user": 1,
    "content_type": 3,
    "object_id": "16622",
    "object_repr": "RequestEvent object (16622)",
    "action_flag": 3,
    "change_message": ""
  }
},
{
  "model": "admin.logentry",
  "pk": 509,
  "fields": {
    "action_time": "2021-08-27T14:54:49.488Z",
    "user": 1,
    "content_type": 3,
    "object_id": "16621",
    "object_repr": "RequestEvent object (16621)",
    "action_flag": 3,
    "change_message": ""
  }
},
{
  "model": "admin.logentry",
  "pk": 510,
  "fields": {
    "action_time": "2021-08-27T14:54:49.489Z",
    "user": 1,
    "content_type": 3,
    "object_id": "16620",
    "object_repr": "RequestEvent object (16620)",
    "action_flag": 3,
    "change_message": ""
  }
},
{
  "model": "admin.logentry",
  "pk": 511,
  "fields": {
    "action_time": "2021-08-27T14:54:49.490Z",
    "user": 1,
    "content_type": 3,
    "object_id": "16619",
    "object_repr": "RequestEvent object (16619)",
    "action_flag": 3,
    "change_message": ""
  }
},
{
  "model": "admin.logentry",
  "pk": 512,
  "fields": {
    "action_time": "2021-08-27T14:54:49.491Z",
    "user": 1,
    "content_type": 3,
    "object_id": "16618",
    "object_repr": "RequestEvent object (16618)",
    "action_flag": 3,
    "change_message": ""
  }
},
{
  "model": "admin.logentry",
  "pk": 513,
  "fields": {
    "action_time": "2021-08-27T14:54:49.493Z",
    "user": 1,
    "content_type": 3,
    "object_id": "16617",
    "object_repr": "RequestEvent object (16617)",
    "action_flag": 3,
    "change_message": ""
  }
},
{
  "model": "admin.logentry",
  "pk": 514,
  "fields": {
    "action_time": "2021-08-27T14:54:49.494Z",
    "user": 1,
    "content_type": 3,
    "object_id": "16616",
    "object_repr": "RequestEvent object (16616)",
    "action_flag": 3,
    "change_message": ""
  }
},
{
  "model": "admin.logentry",
  "pk": 515,
  "fields": {
    "action_time": "2021-08-27T14:54:49.495Z",
    "user": 1,
    "content_type": 3,
    "object_id": "16615",
    "object_repr": "RequestEvent object (16615)",
    "action_flag": 3,
    "change_message": ""
  }
},
{
  "model": "admin.logentry",
  "pk": 516,
  "fields": {
    "action_time": "2021-08-27T14:54:49.496Z",
    "user": 1,
    "content_type": 3,
    "object_id": "16614",
    "object_repr": "RequestEvent object (16614)",
    "action_flag": 3,
    "change_message": ""
  }
},
{
  "model": "admin.logentry",
  "pk": 517,
  "fields": {
    "action_time": "2021-08-27T14:54:49.497Z",
    "user": 1,
    "content_type": 3,
    "object_id": "16613",
    "object_repr": "RequestEvent object (16613)",
    "action_flag": 3,
    "change_message": ""
  }
},
{
  "model": "admin.logentry",
  "pk": 518,
  "fields": {
    "action_time": "2021-08-27T14:54:49.498Z",
    "user": 1,
    "content_type": 3,
    "object_id": "16612",
    "object_repr": "RequestEvent object (16612)",
    "action_flag": 3,
    "change_message": ""
  }
},
{
  "model": "admin.logentry",
  "pk": 519,
  "fields": {
    "action_time": "2021-08-27T14:54:49.499Z",
    "user": 1,
    "content_type": 3,
    "object_id": "16611",
    "object_repr": "RequestEvent object (16611)",
    "action_flag": 3,
    "change_message": ""
  }
},
{
  "model": "admin.logentry",
  "pk": 520,
  "fields": {
    "action_time": "2021-08-27T14:54:49.500Z",
    "user": 1,
    "content_type": 3,
    "object_id": "16610",
    "object_repr": "RequestEvent object (16610)",
    "action_flag": 3,
    "change_message": ""
  }
},
{
  "model": "admin.logentry",
  "pk": 521,
  "fields": {
    "action_time": "2021-08-27T14:54:49.501Z",
    "user": 1,
    "content_type": 3,
    "object_id": "16609",
    "object_repr": "RequestEvent object (16609)",
    "action_flag": 3,
    "change_message": ""
  }
},
{
  "model": "admin.logentry",
  "pk": 522,
  "fields": {
    "action_time": "2021-08-27T14:54:49.502Z",
    "user": 1,
    "content_type": 3,
    "object_id": "16608",
    "object_repr": "RequestEvent object (16608)",
    "action_flag": 3,
    "change_message": ""
  }
},
{
  "model": "admin.logentry",
  "pk": 523,
  "fields": {
    "action_time": "2021-08-27T14:54:49.503Z",
    "user": 1,
    "content_type": 3,
    "object_id": "16607",
    "object_repr": "RequestEvent object (16607)",
    "action_flag": 3,
    "change_message": ""
  }
},
{
  "model": "admin.logentry",
  "pk": 524,
  "fields": {
    "action_time": "2021-08-27T14:54:49.504Z",
    "user": 1,
    "content_type": 3,
    "object_id": "16606",
    "object_repr": "RequestEvent object (16606)",
    "action_flag": 3,
    "change_message": ""
  }
},
{
  "model": "admin.logentry",
  "pk": 525,
  "fields": {
    "action_time": "2021-08-27T14:54:49.506Z",
    "user": 1,
    "content_type": 3,
    "object_id": "16605",
    "object_repr": "RequestEvent object (16605)",
    "action_flag": 3,
    "change_message": ""
  }
},
{
  "model": "admin.logentry",
  "pk": 526,
  "fields": {
    "action_time": "2021-08-27T14:54:49.507Z",
    "user": 1,
    "content_type": 3,
    "object_id": "16604",
    "object_repr": "RequestEvent object (16604)",
    "action_flag": 3,
    "change_message": ""
  }
},
{
  "model": "admin.logentry",
  "pk": 527,
  "fields": {
    "action_time": "2021-08-27T14:54:49.508Z",
    "user": 1,
    "content_type": 3,
    "object_id": "16603",
    "object_repr": "RequestEvent object (16603)",
    "action_flag": 3,
    "change_message": ""
  }
},
{
  "model": "admin.logentry",
  "pk": 528,
  "fields": {
    "action_time": "2021-08-27T14:54:49.509Z",
    "user": 1,
    "content_type": 3,
    "object_id": "16602",
    "object_repr": "RequestEvent object (16602)",
    "action_flag": 3,
    "change_message": ""
  }
},
{
  "model": "admin.logentry",
  "pk": 529,
  "fields": {
    "action_time": "2021-08-27T14:54:49.511Z",
    "user": 1,
    "content_type": 3,
    "object_id": "16601",
    "object_repr": "RequestEvent object (16601)",
    "action_flag": 3,
    "change_message": ""
  }
},
{
  "model": "admin.logentry",
  "pk": 530,
  "fields": {
    "action_time": "2021-08-27T14:54:49.512Z",
    "user": 1,
    "content_type": 3,
    "object_id": "16600",
    "object_repr": "RequestEvent object (16600)",
    "action_flag": 3,
    "change_message": ""
  }
},
{
  "model": "admin.logentry",
  "pk": 531,
  "fields": {
    "action_time": "2021-08-27T14:54:49.513Z",
    "user": 1,
    "content_type": 3,
    "object_id": "16599",
    "object_repr": "RequestEvent object (16599)",
    "action_flag": 3,
    "change_message": ""
  }
},
{
  "model": "admin.logentry",
  "pk": 532,
  "fields": {
    "action_time": "2021-08-27T14:54:49.514Z",
    "user": 1,
    "content_type": 3,
    "object_id": "16598",
    "object_repr": "RequestEvent object (16598)",
    "action_flag": 3,
    "change_message": ""
  }
},
{
  "model": "admin.logentry",
  "pk": 533,
  "fields": {
    "action_time": "2021-08-27T14:54:49.515Z",
    "user": 1,
    "content_type": 3,
    "object_id": "16597",
    "object_repr": "RequestEvent object (16597)",
    "action_flag": 3,
    "change_message": ""
  }
},
{
  "model": "admin.logentry",
  "pk": 534,
  "fields": {
    "action_time": "2021-08-27T14:54:49.516Z",
    "user": 1,
    "content_type": 3,
    "object_id": "16596",
    "object_repr": "RequestEvent object (16596)",
    "action_flag": 3,
    "change_message": ""
  }
},
{
  "model": "admin.logentry",
  "pk": 535,
  "fields": {
    "action_time": "2021-08-27T14:54:49.517Z",
    "user": 1,
    "content_type": 3,
    "object_id": "16595",
    "object_repr": "RequestEvent object (16595)",
    "action_flag": 3,
    "change_message": ""
  }
},
{
  "model": "admin.logentry",
  "pk": 536,
  "fields": {
    "action_time": "2021-08-27T14:54:49.519Z",
    "user": 1,
    "content_type": 3,
    "object_id": "16594",
    "object_repr": "RequestEvent object (16594)",
    "action_flag": 3,
    "change_message": ""
  }
},
{
  "model": "admin.logentry",
  "pk": 537,
  "fields": {
    "action_time": "2021-08-27T14:54:49.520Z",
    "user": 1,
    "content_type": 3,
    "object_id": "16593",
    "object_repr": "RequestEvent object (16593)",
    "action_flag": 3,
    "change_message": ""
  }
},
{
  "model": "admin.logentry",
  "pk": 538,
  "fields": {
    "action_time": "2021-08-27T14:54:49.521Z",
    "user": 1,
    "content_type": 3,
    "object_id": "16592",
    "object_repr": "RequestEvent object (16592)",
    "action_flag": 3,
    "change_message": ""
  }
},
{
  "model": "admin.logentry",
  "pk": 539,
  "fields": {
    "action_time": "2021-08-27T14:54:49.522Z",
    "user": 1,
    "content_type": 3,
    "object_id": "16591",
    "object_repr": "RequestEvent object (16591)",
    "action_flag": 3,
    "change_message": ""
  }
},
{
  "model": "admin.logentry",
  "pk": 540,
  "fields": {
    "action_time": "2021-08-27T14:54:49.523Z",
    "user": 1,
    "content_type": 3,
    "object_id": "16590",
    "object_repr": "RequestEvent object (16590)",
    "action_flag": 3,
    "change_message": ""
  }
},
{
  "model": "admin.logentry",
  "pk": 541,
  "fields": {
    "action_time": "2021-08-27T14:54:49.524Z",
    "user": 1,
    "content_type": 3,
    "object_id": "16589",
    "object_repr": "RequestEvent object (16589)",
    "action_flag": 3,
    "change_message": ""
  }
},
{
  "model": "admin.logentry",
  "pk": 542,
  "fields": {
    "action_time": "2021-08-27T14:54:49.525Z",
    "user": 1,
    "content_type": 3,
    "object_id": "16588",
    "object_repr": "RequestEvent object (16588)",
    "action_flag": 3,
    "change_message": ""
  }
},
{
  "model": "admin.logentry",
  "pk": 543,
  "fields": {
    "action_time": "2021-08-27T14:54:49.526Z",
    "user": 1,
    "content_type": 3,
    "object_id": "16587",
    "object_repr": "RequestEvent object (16587)",
    "action_flag": 3,
    "change_message": ""
  }
},
{
  "model": "admin.logentry",
  "pk": 544,
  "fields": {
    "action_time": "2021-08-27T14:54:49.527Z",
    "user": 1,
    "content_type": 3,
    "object_id": "16586",
    "object_repr": "RequestEvent object (16586)",
    "action_flag": 3,
    "change_message": ""
  }
},
{
  "model": "admin.logentry",
  "pk": 545,
  "fields": {
    "action_time": "2021-08-27T14:54:49.528Z",
    "user": 1,
    "content_type": 3,
    "object_id": "16585",
    "object_repr": "RequestEvent object (16585)",
    "action_flag": 3,
    "change_message": ""
  }
},
{
  "model": "admin.logentry",
  "pk": 546,
  "fields": {
    "action_time": "2021-08-27T14:54:49.529Z",
    "user": 1,
    "content_type": 3,
    "object_id": "16584",
    "object_repr": "RequestEvent object (16584)",
    "action_flag": 3,
    "change_message": ""
  }
},
{
  "model": "admin.logentry",
  "pk": 547,
  "fields": {
    "action_time": "2021-08-27T14:54:49.531Z",
    "user": 1,
    "content_type": 3,
    "object_id": "16583",
    "object_repr": "RequestEvent object (16583)",
    "action_flag": 3,
    "change_message": ""
  }
},
{
  "model": "admin.logentry",
  "pk": 548,
  "fields": {
    "action_time": "2021-08-27T14:54:49.532Z",
    "user": 1,
    "content_type": 3,
    "object_id": "16582",
    "object_repr": "RequestEvent object (16582)",
    "action_flag": 3,
    "change_message": ""
  }
},
{
  "model": "admin.logentry",
  "pk": 549,
  "fields": {
    "action_time": "2021-08-27T14:54:49.533Z",
    "user": 1,
    "content_type": 3,
    "object_id": "16581",
    "object_repr": "RequestEvent object (16581)",
    "action_flag": 3,
    "change_message": ""
  }
},
{
  "model": "admin.logentry",
  "pk": 550,
  "fields": {
    "action_time": "2021-08-27T14:54:49.534Z",
    "user": 1,
    "content_type": 3,
    "object_id": "16580",
    "object_repr": "RequestEvent object (16580)",
    "action_flag": 3,
    "change_message": ""
  }
},
{
  "model": "admin.logentry",
  "pk": 551,
  "fields": {
    "action_time": "2021-08-27T14:54:49.535Z",
    "user": 1,
    "content_type": 3,
    "object_id": "16579",
    "object_repr": "RequestEvent object (16579)",
    "action_flag": 3,
    "change_message": ""
  }
},
{
  "model": "admin.logentry",
  "pk": 552,
  "fields": {
    "action_time": "2021-08-27T14:54:49.536Z",
    "user": 1,
    "content_type": 3,
    "object_id": "16578",
    "object_repr": "RequestEvent object (16578)",
    "action_flag": 3,
    "change_message": ""
  }
},
{
  "model": "admin.logentry",
  "pk": 553,
  "fields": {
    "action_time": "2021-08-27T14:54:49.537Z",
    "user": 1,
    "content_type": 3,
    "object_id": "16577",
    "object_repr": "RequestEvent object (16577)",
    "action_flag": 3,
    "change_message": ""
  }
},
{
  "model": "admin.logentry",
  "pk": 554,
  "fields": {
    "action_time": "2021-08-27T14:54:49.538Z",
    "user": 1,
    "content_type": 3,
    "object_id": "16576",
    "object_repr": "RequestEvent object (16576)",
    "action_flag": 3,
    "change_message": ""
  }
},
{
  "model": "admin.logentry",
  "pk": 555,
  "fields": {
    "action_time": "2021-08-27T14:54:49.540Z",
    "user": 1,
    "content_type": 3,
    "object_id": "16575",
    "object_repr": "RequestEvent object (16575)",
    "action_flag": 3,
    "change_message": ""
  }
},
{
  "model": "admin.logentry",
  "pk": 556,
  "fields": {
    "action_time": "2021-08-27T14:54:49.541Z",
    "user": 1,
    "content_type": 3,
    "object_id": "16574",
    "object_repr": "RequestEvent object (16574)",
    "action_flag": 3,
    "change_message": ""
  }
},
{
  "model": "admin.logentry",
  "pk": 557,
  "fields": {
    "action_time": "2021-08-27T14:54:49.542Z",
    "user": 1,
    "content_type": 3,
    "object_id": "16573",
    "object_repr": "RequestEvent object (16573)",
    "action_flag": 3,
    "change_message": ""
  }
},
{
  "model": "admin.logentry",
  "pk": 558,
  "fields": {
    "action_time": "2021-08-27T14:54:49.543Z",
    "user": 1,
    "content_type": 3,
    "object_id": "16572",
    "object_repr": "RequestEvent object (16572)",
    "action_flag": 3,
    "change_message": ""
  }
},
{
  "model": "admin.logentry",
  "pk": 559,
  "fields": {
    "action_time": "2021-08-27T14:54:49.544Z",
    "user": 1,
    "content_type": 3,
    "object_id": "16571",
    "object_repr": "RequestEvent object (16571)",
    "action_flag": 3,
    "change_message": ""
  }
},
{
  "model": "admin.logentry",
  "pk": 560,
  "fields": {
    "action_time": "2021-08-27T14:54:49.545Z",
    "user": 1,
    "content_type": 3,
    "object_id": "16570",
    "object_repr": "RequestEvent object (16570)",
    "action_flag": 3,
    "change_message": ""
  }
},
{
  "model": "admin.logentry",
  "pk": 561,
  "fields": {
    "action_time": "2021-08-27T14:54:49.546Z",
    "user": 1,
    "content_type": 3,
    "object_id": "16569",
    "object_repr": "RequestEvent object (16569)",
    "action_flag": 3,
    "change_message": ""
  }
},
{
  "model": "admin.logentry",
  "pk": 562,
  "fields": {
    "action_time": "2021-08-27T14:54:49.547Z",
    "user": 1,
    "content_type": 3,
    "object_id": "16568",
    "object_repr": "RequestEvent object (16568)",
    "action_flag": 3,
    "change_message": ""
  }
},
{
  "model": "admin.logentry",
  "pk": 563,
  "fields": {
    "action_time": "2021-08-27T14:54:49.549Z",
    "user": 1,
    "content_type": 3,
    "object_id": "16567",
    "object_repr": "RequestEvent object (16567)",
    "action_flag": 3,
    "change_message": ""
  }
},
{
  "model": "admin.logentry",
  "pk": 564,
  "fields": {
    "action_time": "2021-08-27T14:54:49.550Z",
    "user": 1,
    "content_type": 3,
    "object_id": "16566",
    "object_repr": "RequestEvent object (16566)",
    "action_flag": 3,
    "change_message": ""
  }
},
{
  "model": "admin.logentry",
  "pk": 565,
  "fields": {
    "action_time": "2021-08-27T14:54:49.551Z",
    "user": 1,
    "content_type": 3,
    "object_id": "16565",
    "object_repr": "RequestEvent object (16565)",
    "action_flag": 3,
    "change_message": ""
  }
},
{
  "model": "admin.logentry",
  "pk": 566,
  "fields": {
    "action_time": "2021-08-27T14:54:49.552Z",
    "user": 1,
    "content_type": 3,
    "object_id": "16564",
    "object_repr": "RequestEvent object (16564)",
    "action_flag": 3,
    "change_message": ""
  }
},
{
  "model": "admin.logentry",
  "pk": 567,
  "fields": {
    "action_time": "2021-08-27T14:54:49.554Z",
    "user": 1,
    "content_type": 3,
    "object_id": "16563",
    "object_repr": "RequestEvent object (16563)",
    "action_flag": 3,
    "change_message": ""
  }
},
{
  "model": "admin.logentry",
  "pk": 568,
  "fields": {
    "action_time": "2021-08-27T14:54:49.555Z",
    "user": 1,
    "content_type": 3,
    "object_id": "16562",
    "object_repr": "RequestEvent object (16562)",
    "action_flag": 3,
    "change_message": ""
  }
},
{
  "model": "admin.logentry",
  "pk": 569,
  "fields": {
    "action_time": "2021-08-27T14:54:49.556Z",
    "user": 1,
    "content_type": 3,
    "object_id": "16561",
    "object_repr": "RequestEvent object (16561)",
    "action_flag": 3,
    "change_message": ""
  }
},
{
  "model": "admin.logentry",
  "pk": 570,
  "fields": {
    "action_time": "2021-08-27T14:54:49.557Z",
    "user": 1,
    "content_type": 3,
    "object_id": "16560",
    "object_repr": "RequestEvent object (16560)",
    "action_flag": 3,
    "change_message": ""
  }
},
{
  "model": "admin.logentry",
  "pk": 571,
  "fields": {
    "action_time": "2021-08-27T14:54:49.559Z",
    "user": 1,
    "content_type": 3,
    "object_id": "16559",
    "object_repr": "RequestEvent object (16559)",
    "action_flag": 3,
    "change_message": ""
  }
},
{
  "model": "admin.logentry",
  "pk": 572,
  "fields": {
    "action_time": "2021-08-27T14:54:49.560Z",
    "user": 1,
    "content_type": 3,
    "object_id": "16558",
    "object_repr": "RequestEvent object (16558)",
    "action_flag": 3,
    "change_message": ""
  }
},
{
  "model": "admin.logentry",
  "pk": 573,
  "fields": {
    "action_time": "2021-08-27T14:54:49.561Z",
    "user": 1,
    "content_type": 3,
    "object_id": "16557",
    "object_repr": "RequestEvent object (16557)",
    "action_flag": 3,
    "change_message": ""
  }
},
{
  "model": "admin.logentry",
  "pk": 574,
  "fields": {
    "action_time": "2021-08-27T14:54:49.562Z",
    "user": 1,
    "content_type": 3,
    "object_id": "16556",
    "object_repr": "RequestEvent object (16556)",
    "action_flag": 3,
    "change_message": ""
  }
},
{
  "model": "admin.logentry",
  "pk": 575,
  "fields": {
    "action_time": "2021-08-27T14:54:49.563Z",
    "user": 1,
    "content_type": 3,
    "object_id": "16555",
    "object_repr": "RequestEvent object (16555)",
    "action_flag": 3,
    "change_message": ""
  }
},
{
  "model": "admin.logentry",
  "pk": 576,
  "fields": {
    "action_time": "2021-08-27T14:54:49.564Z",
    "user": 1,
    "content_type": 3,
    "object_id": "16554",
    "object_repr": "RequestEvent object (16554)",
    "action_flag": 3,
    "change_message": ""
  }
},
{
  "model": "admin.logentry",
  "pk": 577,
  "fields": {
    "action_time": "2021-08-27T14:54:49.565Z",
    "user": 1,
    "content_type": 3,
    "object_id": "16553",
    "object_repr": "RequestEvent object (16553)",
    "action_flag": 3,
    "change_message": ""
  }
},
{
  "model": "admin.logentry",
  "pk": 578,
  "fields": {
    "action_time": "2021-08-27T14:54:49.566Z",
    "user": 1,
    "content_type": 3,
    "object_id": "16552",
    "object_repr": "RequestEvent object (16552)",
    "action_flag": 3,
    "change_message": ""
  }
},
{
  "model": "admin.logentry",
  "pk": 579,
  "fields": {
    "action_time": "2021-08-27T14:54:49.567Z",
    "user": 1,
    "content_type": 3,
    "object_id": "16551",
    "object_repr": "RequestEvent object (16551)",
    "action_flag": 3,
    "change_message": ""
  }
},
{
  "model": "admin.logentry",
  "pk": 580,
  "fields": {
    "action_time": "2021-08-27T14:54:49.568Z",
    "user": 1,
    "content_type": 3,
    "object_id": "16550",
    "object_repr": "RequestEvent object (16550)",
    "action_flag": 3,
    "change_message": ""
  }
},
{
  "model": "admin.logentry",
  "pk": 581,
  "fields": {
    "action_time": "2021-08-27T14:54:49.570Z",
    "user": 1,
    "content_type": 3,
    "object_id": "16549",
    "object_repr": "RequestEvent object (16549)",
    "action_flag": 3,
    "change_message": ""
  }
},
{
  "model": "admin.logentry",
  "pk": 582,
  "fields": {
    "action_time": "2021-08-27T14:54:49.571Z",
    "user": 1,
    "content_type": 3,
    "object_id": "16548",
    "object_repr": "RequestEvent object (16548)",
    "action_flag": 3,
    "change_message": ""
  }
},
{
  "model": "admin.logentry",
  "pk": 583,
  "fields": {
    "action_time": "2021-08-27T14:54:49.572Z",
    "user": 1,
    "content_type": 3,
    "object_id": "16547",
    "object_repr": "RequestEvent object (16547)",
    "action_flag": 3,
    "change_message": ""
  }
},
{
  "model": "admin.logentry",
  "pk": 584,
  "fields": {
    "action_time": "2021-08-27T14:54:49.573Z",
    "user": 1,
    "content_type": 3,
    "object_id": "16546",
    "object_repr": "RequestEvent object (16546)",
    "action_flag": 3,
    "change_message": ""
  }
},
{
  "model": "admin.logentry",
  "pk": 585,
  "fields": {
    "action_time": "2021-08-27T14:54:49.574Z",
    "user": 1,
    "content_type": 3,
    "object_id": "16545",
    "object_repr": "RequestEvent object (16545)",
    "action_flag": 3,
    "change_message": ""
  }
},
{
  "model": "admin.logentry",
  "pk": 586,
  "fields": {
    "action_time": "2021-08-27T14:54:49.575Z",
    "user": 1,
    "content_type": 3,
    "object_id": "16544",
    "object_repr": "RequestEvent object (16544)",
    "action_flag": 3,
    "change_message": ""
  }
},
{
  "model": "admin.logentry",
  "pk": 587,
  "fields": {
    "action_time": "2021-08-27T14:54:49.577Z",
    "user": 1,
    "content_type": 3,
    "object_id": "16543",
    "object_repr": "RequestEvent object (16543)",
    "action_flag": 3,
    "change_message": ""
  }
},
{
  "model": "admin.logentry",
  "pk": 588,
  "fields": {
    "action_time": "2021-08-27T14:54:49.578Z",
    "user": 1,
    "content_type": 3,
    "object_id": "16542",
    "object_repr": "RequestEvent object (16542)",
    "action_flag": 3,
    "change_message": ""
  }
},
{
  "model": "admin.logentry",
  "pk": 589,
  "fields": {
    "action_time": "2021-08-27T14:54:49.579Z",
    "user": 1,
    "content_type": 3,
    "object_id": "16541",
    "object_repr": "RequestEvent object (16541)",
    "action_flag": 3,
    "change_message": ""
  }
},
{
  "model": "admin.logentry",
  "pk": 590,
  "fields": {
    "action_time": "2021-08-27T14:54:49.580Z",
    "user": 1,
    "content_type": 3,
    "object_id": "16540",
    "object_repr": "RequestEvent object (16540)",
    "action_flag": 3,
    "change_message": ""
  }
},
{
  "model": "admin.logentry",
  "pk": 591,
  "fields": {
    "action_time": "2021-08-27T14:54:49.581Z",
    "user": 1,
    "content_type": 3,
    "object_id": "16539",
    "object_repr": "RequestEvent object (16539)",
    "action_flag": 3,
    "change_message": ""
  }
},
{
  "model": "admin.logentry",
  "pk": 592,
  "fields": {
    "action_time": "2021-08-27T14:54:49.583Z",
    "user": 1,
    "content_type": 3,
    "object_id": "16538",
    "object_repr": "RequestEvent object (16538)",
    "action_flag": 3,
    "change_message": ""
  }
},
{
  "model": "admin.logentry",
  "pk": 593,
  "fields": {
    "action_time": "2021-08-27T14:54:49.584Z",
    "user": 1,
    "content_type": 3,
    "object_id": "16537",
    "object_repr": "RequestEvent object (16537)",
    "action_flag": 3,
    "change_message": ""
  }
},
{
  "model": "admin.logentry",
  "pk": 594,
  "fields": {
    "action_time": "2021-08-27T14:54:49.585Z",
    "user": 1,
    "content_type": 3,
    "object_id": "16536",
    "object_repr": "RequestEvent object (16536)",
    "action_flag": 3,
    "change_message": ""
  }
},
{
  "model": "admin.logentry",
  "pk": 595,
  "fields": {
    "action_time": "2021-08-27T14:54:49.586Z",
    "user": 1,
    "content_type": 3,
    "object_id": "16535",
    "object_repr": "RequestEvent object (16535)",
    "action_flag": 3,
    "change_message": ""
  }
},
{
  "model": "admin.logentry",
  "pk": 596,
  "fields": {
    "action_time": "2021-08-27T14:54:49.587Z",
    "user": 1,
    "content_type": 3,
    "object_id": "16534",
    "object_repr": "RequestEvent object (16534)",
    "action_flag": 3,
    "change_message": ""
  }
},
{
  "model": "admin.logentry",
  "pk": 597,
  "fields": {
    "action_time": "2021-08-27T14:54:49.589Z",
    "user": 1,
    "content_type": 3,
    "object_id": "16533",
    "object_repr": "RequestEvent object (16533)",
    "action_flag": 3,
    "change_message": ""
  }
},
{
  "model": "admin.logentry",
  "pk": 598,
  "fields": {
    "action_time": "2021-08-27T14:54:49.590Z",
    "user": 1,
    "content_type": 3,
    "object_id": "16532",
    "object_repr": "RequestEvent object (16532)",
    "action_flag": 3,
    "change_message": ""
  }
},
{
  "model": "admin.logentry",
  "pk": 599,
  "fields": {
    "action_time": "2021-08-27T14:54:49.591Z",
    "user": 1,
    "content_type": 3,
    "object_id": "16531",
    "object_repr": "RequestEvent object (16531)",
    "action_flag": 3,
    "change_message": ""
  }
},
{
  "model": "admin.logentry",
  "pk": 600,
  "fields": {
    "action_time": "2021-08-27T14:54:49.593Z",
    "user": 1,
    "content_type": 3,
    "object_id": "16530",
    "object_repr": "RequestEvent object (16530)",
    "action_flag": 3,
    "change_message": ""
  }
},
{
  "model": "admin.logentry",
  "pk": 601,
  "fields": {
    "action_time": "2021-08-27T14:54:49.594Z",
    "user": 1,
    "content_type": 3,
    "object_id": "16529",
    "object_repr": "RequestEvent object (16529)",
    "action_flag": 3,
    "change_message": ""
  }
},
{
  "model": "admin.logentry",
  "pk": 602,
  "fields": {
    "action_time": "2021-08-27T14:54:49.595Z",
    "user": 1,
    "content_type": 3,
    "object_id": "16528",
    "object_repr": "RequestEvent object (16528)",
    "action_flag": 3,
    "change_message": ""
  }
},
{
  "model": "admin.logentry",
  "pk": 603,
  "fields": {
    "action_time": "2021-08-27T14:54:49.597Z",
    "user": 1,
    "content_type": 3,
    "object_id": "16527",
    "object_repr": "RequestEvent object (16527)",
    "action_flag": 3,
    "change_message": ""
  }
},
{
  "model": "admin.logentry",
  "pk": 604,
  "fields": {
    "action_time": "2021-08-27T14:54:49.598Z",
    "user": 1,
    "content_type": 3,
    "object_id": "16526",
    "object_repr": "RequestEvent object (16526)",
    "action_flag": 3,
    "change_message": ""
  }
},
{
  "model": "admin.logentry",
  "pk": 605,
  "fields": {
    "action_time": "2021-08-27T14:54:49.599Z",
    "user": 1,
    "content_type": 3,
    "object_id": "16525",
    "object_repr": "RequestEvent object (16525)",
    "action_flag": 3,
    "change_message": ""
  }
},
{
  "model": "admin.logentry",
  "pk": 606,
  "fields": {
    "action_time": "2021-08-27T14:54:49.600Z",
    "user": 1,
    "content_type": 3,
    "object_id": "16524",
    "object_repr": "RequestEvent object (16524)",
    "action_flag": 3,
    "change_message": ""
  }
},
{
  "model": "auth.permission",
  "pk": 1,
  "fields": {
    "name": "Can add CRUD event",
    "content_type": 1,
    "codename": "add_crudevent"
  }
},
{
  "model": "auth.permission",
  "pk": 2,
  "fields": {
    "name": "Can change CRUD event",
    "content_type": 1,
    "codename": "change_crudevent"
  }
},
{
  "model": "auth.permission",
  "pk": 3,
  "fields": {
    "name": "Can delete CRUD event",
    "content_type": 1,
    "codename": "delete_crudevent"
  }
},
{
  "model": "auth.permission",
  "pk": 4,
  "fields": {
    "name": "Can view CRUD event",
    "content_type": 1,
    "codename": "view_crudevent"
  }
},
{
  "model": "auth.permission",
  "pk": 5,
  "fields": {
    "name": "Can add login event",
    "content_type": 2,
    "codename": "add_loginevent"
  }
},
{
  "model": "auth.permission",
  "pk": 6,
  "fields": {
    "name": "Can change login event",
    "content_type": 2,
    "codename": "change_loginevent"
  }
},
{
  "model": "auth.permission",
  "pk": 7,
  "fields": {
    "name": "Can delete login event",
    "content_type": 2,
    "codename": "delete_loginevent"
  }
},
{
  "model": "auth.permission",
  "pk": 8,
  "fields": {
    "name": "Can view login event",
    "content_type": 2,
    "codename": "view_loginevent"
  }
},
{
  "model": "auth.permission",
  "pk": 9,
  "fields": {
    "name": "Can add request event",
    "content_type": 3,
    "codename": "add_requestevent"
  }
},
{
  "model": "auth.permission",
  "pk": 10,
  "fields": {
    "name": "Can change request event",
    "content_type": 3,
    "codename": "change_requestevent"
  }
},
{
  "model": "auth.permission",
  "pk": 11,
  "fields": {
    "name": "Can delete request event",
    "content_type": 3,
    "codename": "delete_requestevent"
  }
},
{
  "model": "auth.permission",
  "pk": 12,
  "fields": {
    "name": "Can view request event",
    "content_type": 3,
    "codename": "view_requestevent"
  }
},
{
  "model": "auth.permission",
  "pk": 13,
  "fields": {
    "name": "Can add log entry",
    "content_type": 4,
    "codename": "add_logentry"
  }
},
{
  "model": "auth.permission",
  "pk": 14,
  "fields": {
    "name": "Can change log entry",
    "content_type": 4,
    "codename": "change_logentry"
  }
},
{
  "model": "auth.permission",
  "pk": 15,
  "fields": {
    "name": "Can delete log entry",
    "content_type": 4,
    "codename": "delete_logentry"
  }
},
{
  "model": "auth.permission",
  "pk": 16,
  "fields": {
    "name": "Can view log entry",
    "content_type": 4,
    "codename": "view_logentry"
  }
},
{
  "model": "auth.permission",
  "pk": 17,
  "fields": {
    "name": "Can add permission",
    "content_type": 5,
    "codename": "add_permission"
  }
},
{
  "model": "auth.permission",
  "pk": 18,
  "fields": {
    "name": "Can change permission",
    "content_type": 5,
    "codename": "change_permission"
  }
},
{
  "model": "auth.permission",
  "pk": 19,
  "fields": {
    "name": "Can delete permission",
    "content_type": 5,
    "codename": "delete_permission"
  }
},
{
  "model": "auth.permission",
  "pk": 20,
  "fields": {
    "name": "Can view permission",
    "content_type": 5,
    "codename": "view_permission"
  }
},
{
  "model": "auth.permission",
  "pk": 21,
  "fields": {
    "name": "Can add group",
    "content_type": 6,
    "codename": "add_group"
  }
},
{
  "model": "auth.permission",
  "pk": 22,
  "fields": {
    "name": "Can change group",
    "content_type": 6,
    "codename": "change_group"
  }
},
{
  "model": "auth.permission",
  "pk": 23,
  "fields": {
    "name": "Can delete group",
    "content_type": 6,
    "codename": "delete_group"
  }
},
{
  "model": "auth.permission",
  "pk": 24,
  "fields": {
    "name": "Can view group",
    "content_type": 6,
    "codename": "view_group"
  }
},
{
  "model": "auth.permission",
  "pk": 25,
  "fields": {
    "name": "Can add user",
    "content_type": 7,
    "codename": "add_user"
  }
},
{
  "model": "auth.permission",
  "pk": 26,
  "fields": {
    "name": "Can change user",
    "content_type": 7,
    "codename": "change_user"
  }
},
{
  "model": "auth.permission",
  "pk": 27,
  "fields": {
    "name": "Can delete user",
    "content_type": 7,
    "codename": "delete_user"
  }
},
{
  "model": "auth.permission",
  "pk": 28,
  "fields": {
    "name": "Can view user",
    "content_type": 7,
    "codename": "view_user"
  }
},
{
  "model": "auth.permission",
  "pk": 29,
  "fields": {
    "name": "Can add content type",
    "content_type": 8,
    "codename": "add_contenttype"
  }
},
{
  "model": "auth.permission",
  "pk": 30,
  "fields": {
    "name": "Can change content type",
    "content_type": 8,
    "codename": "change_contenttype"
  }
},
{
  "model": "auth.permission",
  "pk": 31,
  "fields": {
    "name": "Can delete content type",
    "content_type": 8,
    "codename": "delete_contenttype"
  }
},
{
  "model": "auth.permission",
  "pk": 32,
  "fields": {
    "name": "Can view content type",
    "content_type": 8,
    "codename": "view_contenttype"
  }
},
{
  "model": "auth.permission",
  "pk": 33,
  "fields": {
    "name": "Can add session",
    "content_type": 9,
    "codename": "add_session"
  }
},
{
  "model": "auth.permission",
  "pk": 34,
  "fields": {
    "name": "Can change session",
    "content_type": 9,
    "codename": "change_session"
  }
},
{
  "model": "auth.permission",
  "pk": 35,
  "fields": {
    "name": "Can delete session",
    "content_type": 9,
    "codename": "delete_session"
  }
},
{
  "model": "auth.permission",
  "pk": 36,
  "fields": {
    "name": "Can view session",
    "content_type": 9,
    "codename": "view_session"
  }
},
{
  "model": "auth.permission",
  "pk": 37,
  "fields": {
    "name": "Can add status",
    "content_type": 10,
    "codename": "add_status"
  }
},
{
  "model": "auth.permission",
  "pk": 38,
  "fields": {
    "name": "Can change status",
    "content_type": 10,
    "codename": "change_status"
  }
},
{
  "model": "auth.permission",
  "pk": 39,
  "fields": {
    "name": "Can delete status",
    "content_type": 10,
    "codename": "delete_status"
  }
},
{
  "model": "auth.permission",
  "pk": 40,
  "fields": {
    "name": "Can view status",
    "content_type": 10,
    "codename": "view_status"
  }
},
{
  "model": "auth.permission",
  "pk": 41,
  "fields": {
    "name": "Can add Classe de Objeto",
    "content_type": 11,
    "codename": "add_classeproduto"
  }
},
{
  "model": "auth.permission",
  "pk": 42,
  "fields": {
    "name": "Can change Classe de Objeto",
    "content_type": 11,
    "codename": "change_classeproduto"
  }
},
{
  "model": "auth.permission",
  "pk": 43,
  "fields": {
    "name": "Can delete Classe de Objeto",
    "content_type": 11,
    "codename": "delete_classeproduto"
  }
},
{
  "model": "auth.permission",
  "pk": 44,
  "fields": {
    "name": "Can view Classe de Objeto",
    "content_type": 11,
    "codename": "view_classeproduto"
  }
},
{
  "model": "auth.permission",
  "pk": 45,
  "fields": {
    "name": "Can add Grupo de Objeto",
    "content_type": 12,
    "codename": "add_grupoproduto"
  }
},
{
  "model": "auth.permission",
  "pk": 46,
  "fields": {
    "name": "Can change Grupo de Objeto",
    "content_type": 12,
    "codename": "change_grupoproduto"
  }
},
{
  "model": "auth.permission",
  "pk": 47,
  "fields": {
    "name": "Can delete Grupo de Objeto",
    "content_type": 12,
    "codename": "delete_grupoproduto"
  }
},
{
  "model": "auth.permission",
  "pk": 48,
  "fields": {
    "name": "Can view Grupo de Objeto",
    "content_type": 12,
    "codename": "view_grupoproduto"
  }
},
{
  "model": "auth.permission",
  "pk": 49,
  "fields": {
    "name": "Can add Produto",
    "content_type": 13,
    "codename": "add_produto"
  }
},
{
  "model": "auth.permission",
  "pk": 50,
  "fields": {
    "name": "Can change Produto",
    "content_type": 13,
    "codename": "change_produto"
  }
},
{
  "model": "auth.permission",
  "pk": 51,
  "fields": {
    "name": "Can delete Produto",
    "content_type": 13,
    "codename": "delete_produto"
  }
},
{
  "model": "auth.permission",
  "pk": 52,
  "fields": {
    "name": "Can view Produto",
    "content_type": 13,
    "codename": "view_produto"
  }
},
{
  "model": "auth.permission",
  "pk": 53,
  "fields": {
    "name": "Can add Unidade",
    "content_type": 14,
    "codename": "add_unidademedida"
  }
},
{
  "model": "auth.permission",
  "pk": 54,
  "fields": {
    "name": "Can change Unidade",
    "content_type": 14,
    "codename": "change_unidademedida"
  }
},
{
  "model": "auth.permission",
  "pk": 55,
  "fields": {
    "name": "Can delete Unidade",
    "content_type": 14,
    "codename": "delete_unidademedida"
  }
},
{
  "model": "auth.permission",
  "pk": 56,
  "fields": {
    "name": "Can view Unidade",
    "content_type": 14,
    "codename": "view_unidademedida"
  }
},
{
  "model": "auth.permission",
  "pk": 57,
  "fields": {
    "name": "Can add Subproduto",
    "content_type": 15,
    "codename": "add_subproduto"
  }
},
{
  "model": "auth.permission",
  "pk": 58,
  "fields": {
    "name": "Can change Subproduto",
    "content_type": 15,
    "codename": "change_subproduto"
  }
},
{
  "model": "auth.permission",
  "pk": 59,
  "fields": {
    "name": "Can delete Subproduto",
    "content_type": 15,
    "codename": "delete_subproduto"
  }
},
{
  "model": "auth.permission",
  "pk": 60,
  "fields": {
    "name": "Can view Subproduto",
    "content_type": 15,
    "codename": "view_subproduto"
  }
},
{
  "model": "auth.permission",
  "pk": 61,
  "fields": {
    "name": "Can add Subgrupo de Objeto",
    "content_type": 16,
    "codename": "add_subgrupoproduto"
  }
},
{
  "model": "auth.permission",
  "pk": 62,
  "fields": {
    "name": "Can change Subgrupo de Objeto",
    "content_type": 16,
    "codename": "change_subgrupoproduto"
  }
},
{
  "model": "auth.permission",
  "pk": 63,
  "fields": {
    "name": "Can delete Subgrupo de Objeto",
    "content_type": 16,
    "codename": "delete_subgrupoproduto"
  }
},
{
  "model": "auth.permission",
  "pk": 64,
  "fields": {
    "name": "Can view Subgrupo de Objeto",
    "content_type": 16,
    "codename": "view_subgrupoproduto"
  }
},
{
  "model": "auth.permission",
  "pk": 65,
  "fields": {
    "name": "Can add Item da Solicitação de Compras",
    "content_type": 17,
    "codename": "add_itemsc"
  }
},
{
  "model": "auth.permission",
  "pk": 66,
  "fields": {
    "name": "Can change Item da Solicitação de Compras",
    "content_type": 17,
    "codename": "change_itemsc"
  }
},
{
  "model": "auth.permission",
  "pk": 67,
  "fields": {
    "name": "Can delete Item da Solicitação de Compras",
    "content_type": 17,
    "codename": "delete_itemsc"
  }
},
{
  "model": "auth.permission",
  "pk": 68,
  "fields": {
    "name": "Can view Item da Solicitação de Compras",
    "content_type": 17,
    "codename": "view_itemsc"
  }
},
{
  "model": "auth.permission",
  "pk": 69,
  "fields": {
    "name": "Can add Solicitação de Compras",
    "content_type": 18,
    "codename": "add_solicitacaocompra"
  }
},
{
  "model": "auth.permission",
  "pk": 70,
  "fields": {
    "name": "Can change Solicitação de Compras",
    "content_type": 18,
    "codename": "change_solicitacaocompra"
  }
},
{
  "model": "auth.permission",
  "pk": 71,
  "fields": {
    "name": "Can delete Solicitação de Compras",
    "content_type": 18,
    "codename": "delete_solicitacaocompra"
  }
},
{
  "model": "auth.permission",
  "pk": 72,
  "fields": {
    "name": "Can view Solicitação de Compras",
    "content_type": 18,
    "codename": "view_solicitacaocompra"
  }
},
{
  "model": "auth.permission",
  "pk": 73,
  "fields": {
    "name": "Can add processo",
    "content_type": 19,
    "codename": "add_processo"
  }
},
{
  "model": "auth.permission",
  "pk": 74,
  "fields": {
    "name": "Can change processo",
    "content_type": 19,
    "codename": "change_processo"
  }
},
{
  "model": "auth.permission",
  "pk": 75,
  "fields": {
    "name": "Can delete processo",
    "content_type": 19,
    "codename": "delete_processo"
  }
},
{
  "model": "auth.permission",
  "pk": 76,
  "fields": {
    "name": "Can view processo",
    "content_type": 19,
    "codename": "view_processo"
  }
},
{
  "model": "auth.permission",
  "pk": 77,
  "fields": {
    "name": "Can add sistema",
    "content_type": 20,
    "codename": "add_sistema"
  }
},
{
  "model": "auth.permission",
  "pk": 78,
  "fields": {
    "name": "Can change sistema",
    "content_type": 20,
    "codename": "change_sistema"
  }
},
{
  "model": "auth.permission",
  "pk": 79,
  "fields": {
    "name": "Can delete sistema",
    "content_type": 20,
    "codename": "delete_sistema"
  }
},
{
  "model": "auth.permission",
  "pk": 80,
  "fields": {
    "name": "Can view sistema",
    "content_type": 20,
    "codename": "view_sistema"
  }
},
{
  "model": "auth.permission",
  "pk": 81,
  "fields": {
    "name": "Can add modalidade",
    "content_type": 21,
    "codename": "add_modalidade"
  }
},
{
  "model": "auth.permission",
  "pk": 82,
  "fields": {
    "name": "Can change modalidade",
    "content_type": 21,
    "codename": "change_modalidade"
  }
},
{
  "model": "auth.permission",
  "pk": 83,
  "fields": {
    "name": "Can delete modalidade",
    "content_type": 21,
    "codename": "delete_modalidade"
  }
},
{
  "model": "auth.permission",
  "pk": 84,
  "fields": {
    "name": "Can view modalidade",
    "content_type": 21,
    "codename": "view_modalidade"
  }
},
{
  "model": "auth.permission",
  "pk": 85,
  "fields": {
    "name": "Can add processo compra",
    "content_type": 22,
    "codename": "add_processocompra"
  }
},
{
  "model": "auth.permission",
  "pk": 86,
  "fields": {
    "name": "Can change processo compra",
    "content_type": 22,
    "codename": "change_processocompra"
  }
},
{
  "model": "auth.permission",
  "pk": 87,
  "fields": {
    "name": "Can delete processo compra",
    "content_type": 22,
    "codename": "delete_processocompra"
  }
},
{
  "model": "auth.permission",
  "pk": 88,
  "fields": {
    "name": "Can view processo compra",
    "content_type": 22,
    "codename": "view_processocompra"
  }
},
{
  "model": "auth.permission",
  "pk": 89,
  "fields": {
    "name": "Can add departamento",
    "content_type": 23,
    "codename": "add_departamento"
  }
},
{
  "model": "auth.permission",
  "pk": 90,
  "fields": {
    "name": "Can change departamento",
    "content_type": 23,
    "codename": "change_departamento"
  }
},
{
  "model": "auth.permission",
  "pk": 91,
  "fields": {
    "name": "Can delete departamento",
    "content_type": 23,
    "codename": "delete_departamento"
  }
},
{
  "model": "auth.permission",
  "pk": 92,
  "fields": {
    "name": "Can view departamento",
    "content_type": 23,
    "codename": "view_departamento"
  }
},
{
  "model": "auth.permission",
  "pk": 93,
  "fields": {
    "name": "Can add coordenadoria",
    "content_type": 24,
    "codename": "add_coordenadoria"
  }
},
{
  "model": "auth.permission",
  "pk": 94,
  "fields": {
    "name": "Can change coordenadoria",
    "content_type": 24,
    "codename": "change_coordenadoria"
  }
},
{
  "model": "auth.permission",
  "pk": 95,
  "fields": {
    "name": "Can delete coordenadoria",
    "content_type": 24,
    "codename": "delete_coordenadoria"
  }
},
{
  "model": "auth.permission",
  "pk": 96,
  "fields": {
    "name": "Can view coordenadoria",
    "content_type": 24,
    "codename": "view_coordenadoria"
  }
},
{
  "model": "auth.permission",
  "pk": 97,
  "fields": {
    "name": "Can add gerencia",
    "content_type": 25,
    "codename": "add_gerencia"
  }
},
{
  "model": "auth.permission",
  "pk": 98,
  "fields": {
    "name": "Can change gerencia",
    "content_type": 25,
    "codename": "change_gerencia"
  }
},
{
  "model": "auth.permission",
  "pk": 99,
  "fields": {
    "name": "Can delete gerencia",
    "content_type": 25,
    "codename": "delete_gerencia"
  }
},
{
  "model": "auth.permission",
  "pk": 100,
  "fields": {
    "name": "Can view gerencia",
    "content_type": 25,
    "codename": "view_gerencia"
  }
},
{
  "model": "auth.permission",
  "pk": 101,
  "fields": {
    "name": "Can add diretoria",
    "content_type": 26,
    "codename": "add_diretoria"
  }
},
{
  "model": "auth.permission",
  "pk": 102,
  "fields": {
    "name": "Can change diretoria",
    "content_type": 26,
    "codename": "change_diretoria"
  }
},
{
  "model": "auth.permission",
  "pk": 103,
  "fields": {
    "name": "Can delete diretoria",
    "content_type": 26,
    "codename": "delete_diretoria"
  }
},
{
  "model": "auth.permission",
  "pk": 104,
  "fields": {
    "name": "Can view diretoria",
    "content_type": 26,
    "codename": "view_diretoria"
  }
},
{
  "model": "auth.permission",
  "pk": 105,
  "fields": {
    "name": "Can add cargo",
    "content_type": 27,
    "codename": "add_cargo"
  }
},
{
  "model": "auth.permission",
  "pk": 106,
  "fields": {
    "name": "Can change cargo",
    "content_type": 27,
    "codename": "change_cargo"
  }
},
{
  "model": "auth.permission",
  "pk": 107,
  "fields": {
    "name": "Can delete cargo",
    "content_type": 27,
    "codename": "delete_cargo"
  }
},
{
  "model": "auth.permission",
  "pk": 108,
  "fields": {
    "name": "Can view cargo",
    "content_type": 27,
    "codename": "view_cargo"
  }
},
{
  "model": "auth.permission",
  "pk": 109,
  "fields": {
    "name": "Can add funcionario",
    "content_type": 28,
    "codename": "add_funcionario"
  }
},
{
  "model": "auth.permission",
  "pk": 110,
  "fields": {
    "name": "Can change funcionario",
    "content_type": 28,
    "codename": "change_funcionario"
  }
},
{
  "model": "auth.permission",
  "pk": 111,
  "fields": {
    "name": "Can delete funcionario",
    "content_type": 28,
    "codename": "delete_funcionario"
  }
},
{
  "model": "auth.permission",
  "pk": 112,
  "fields": {
    "name": "Can view funcionario",
    "content_type": 28,
    "codename": "view_funcionario"
  }
},
{
  "model": "auth.permission",
  "pk": 113,
  "fields": {
    "name": "Can add Conta Contábil",
    "content_type": 29,
    "codename": "add_contacontabil"
  }
},
{
  "model": "auth.permission",
  "pk": 114,
  "fields": {
    "name": "Can change Conta Contábil",
    "content_type": 29,
    "codename": "change_contacontabil"
  }
},
{
  "model": "auth.permission",
  "pk": 115,
  "fields": {
    "name": "Can delete Conta Contábil",
    "content_type": 29,
    "codename": "delete_contacontabil"
  }
},
{
  "model": "auth.permission",
  "pk": 116,
  "fields": {
    "name": "Can view Conta Contábil",
    "content_type": 29,
    "codename": "view_contacontabil"
  }
},
{
  "model": "auth.permission",
  "pk": 117,
  "fields": {
    "name": "Can add Centro de Custo",
    "content_type": 30,
    "codename": "add_centrocusto"
  }
},
{
  "model": "auth.permission",
  "pk": 118,
  "fields": {
    "name": "Can change Centro de Custo",
    "content_type": 30,
    "codename": "change_centrocusto"
  }
},
{
  "model": "auth.permission",
  "pk": 119,
  "fields": {
    "name": "Can delete Centro de Custo",
    "content_type": 30,
    "codename": "delete_centrocusto"
  }
},
{
  "model": "auth.permission",
  "pk": 120,
  "fields": {
    "name": "Can view Centro de Custo",
    "content_type": 30,
    "codename": "view_centrocusto"
  }
},
{
  "model": "auth.permission",
  "pk": 121,
  "fields": {
    "name": "Can add pessoa",
    "content_type": 31,
    "codename": "add_pessoa"
  }
},
{
  "model": "auth.permission",
  "pk": 122,
  "fields": {
    "name": "Can change pessoa",
    "content_type": 31,
    "codename": "change_pessoa"
  }
},
{
  "model": "auth.permission",
  "pk": 123,
  "fields": {
    "name": "Can delete pessoa",
    "content_type": 31,
    "codename": "delete_pessoa"
  }
},
{
  "model": "auth.permission",
  "pk": 124,
  "fields": {
    "name": "Can view pessoa",
    "content_type": 31,
    "codename": "view_pessoa"
  }
},
{
  "model": "auth.permission",
  "pk": 125,
  "fields": {
    "name": "Can add pessoa fisica",
    "content_type": 32,
    "codename": "add_pessoafisica"
  }
},
{
  "model": "auth.permission",
  "pk": 126,
  "fields": {
    "name": "Can change pessoa fisica",
    "content_type": 32,
    "codename": "change_pessoafisica"
  }
},
{
  "model": "auth.permission",
  "pk": 127,
  "fields": {
    "name": "Can delete pessoa fisica",
    "content_type": 32,
    "codename": "delete_pessoafisica"
  }
},
{
  "model": "auth.permission",
  "pk": 128,
  "fields": {
    "name": "Can view pessoa fisica",
    "content_type": 32,
    "codename": "view_pessoafisica"
  }
},
{
  "model": "auth.permission",
  "pk": 129,
  "fields": {
    "name": "Can add pessoa juridica",
    "content_type": 33,
    "codename": "add_pessoajuridica"
  }
},
{
  "model": "auth.permission",
  "pk": 130,
  "fields": {
    "name": "Can change pessoa juridica",
    "content_type": 33,
    "codename": "change_pessoajuridica"
  }
},
{
  "model": "auth.permission",
  "pk": 131,
  "fields": {
    "name": "Can delete pessoa juridica",
    "content_type": 33,
    "codename": "delete_pessoajuridica"
  }
},
{
  "model": "auth.permission",
  "pk": 132,
  "fields": {
    "name": "Can view pessoa juridica",
    "content_type": 33,
    "codename": "view_pessoajuridica"
  }
},
{
  "model": "auth.permission",
  "pk": 133,
  "fields": {
    "name": "Can add contato",
    "content_type": 34,
    "codename": "add_contato"
  }
},
{
  "model": "auth.permission",
  "pk": 134,
  "fields": {
    "name": "Can change contato",
    "content_type": 34,
    "codename": "change_contato"
  }
},
{
  "model": "auth.permission",
  "pk": 135,
  "fields": {
    "name": "Can delete contato",
    "content_type": 34,
    "codename": "delete_contato"
  }
},
{
  "model": "auth.permission",
  "pk": 136,
  "fields": {
    "name": "Can view contato",
    "content_type": 34,
    "codename": "view_contato"
  }
},
{
  "model": "auth.permission",
  "pk": 137,
  "fields": {
    "name": "Can add contrato compra",
    "content_type": 35,
    "codename": "add_contratocompra"
  }
},
{
  "model": "auth.permission",
  "pk": 138,
  "fields": {
    "name": "Can change contrato compra",
    "content_type": 35,
    "codename": "change_contratocompra"
  }
},
{
  "model": "auth.permission",
  "pk": 139,
  "fields": {
    "name": "Can delete contrato compra",
    "content_type": 35,
    "codename": "delete_contratocompra"
  }
},
{
  "model": "auth.permission",
  "pk": 140,
  "fields": {
    "name": "Can view contrato compra",
    "content_type": 35,
    "codename": "view_contratocompra"
  }
},
{
  "model": "auth.permission",
  "pk": 141,
  "fields": {
    "name": "Can add item contrato compra",
    "content_type": 36,
    "codename": "add_itemcontratocompra"
  }
},
{
  "model": "auth.permission",
  "pk": 142,
  "fields": {
    "name": "Can change item contrato compra",
    "content_type": 36,
    "codename": "change_itemcontratocompra"
  }
},
{
  "model": "auth.permission",
  "pk": 143,
  "fields": {
    "name": "Can delete item contrato compra",
    "content_type": 36,
    "codename": "delete_itemcontratocompra"
  }
},
{
  "model": "auth.permission",
  "pk": 144,
  "fields": {
    "name": "Can view item contrato compra",
    "content_type": 36,
    "codename": "view_itemcontratocompra"
  }
},
{
  "model": "auth.permission",
  "pk": 145,
  "fields": {
    "name": "Can add revisao contrato compra",
    "content_type": 37,
    "codename": "add_revisaocontratocompra"
  }
},
{
  "model": "auth.permission",
  "pk": 146,
  "fields": {
    "name": "Can change revisao contrato compra",
    "content_type": 37,
    "codename": "change_revisaocontratocompra"
  }
},
{
  "model": "auth.permission",
  "pk": 147,
  "fields": {
    "name": "Can delete revisao contrato compra",
    "content_type": 37,
    "codename": "delete_revisaocontratocompra"
  }
},
{
  "model": "auth.permission",
  "pk": 148,
  "fields": {
    "name": "Can view revisao contrato compra",
    "content_type": 37,
    "codename": "view_revisaocontratocompra"
  }
},
{
  "model": "auth.permission",
  "pk": 149,
  "fields": {
    "name": "Can add categoria sof",
    "content_type": 38,
    "codename": "add_categoriasof"
  }
},
{
  "model": "auth.permission",
  "pk": 150,
  "fields": {
    "name": "Can change categoria sof",
    "content_type": 38,
    "codename": "change_categoriasof"
  }
},
{
  "model": "auth.permission",
  "pk": 151,
  "fields": {
    "name": "Can delete categoria sof",
    "content_type": 38,
    "codename": "delete_categoriasof"
  }
},
{
  "model": "auth.permission",
  "pk": 152,
  "fields": {
    "name": "Can view categoria sof",
    "content_type": 38,
    "codename": "view_categoriasof"
  }
},
{
  "model": "auth.permission",
  "pk": 153,
  "fields": {
    "name": "Can add Dotação Orçamentária",
    "content_type": 39,
    "codename": "add_dotacao"
  }
},
{
  "model": "auth.permission",
  "pk": 154,
  "fields": {
    "name": "Can change Dotação Orçamentária",
    "content_type": 39,
    "codename": "change_dotacao"
  }
},
{
  "model": "auth.permission",
  "pk": 155,
  "fields": {
    "name": "Can delete Dotação Orçamentária",
    "content_type": 39,
    "codename": "delete_dotacao"
  }
},
{
  "model": "auth.permission",
  "pk": 156,
  "fields": {
    "name": "Can view Dotação Orçamentária",
    "content_type": 39,
    "codename": "view_dotacao"
  }
},
{
  "model": "auth.permission",
  "pk": 157,
  "fields": {
    "name": "Can add unidade sof",
    "content_type": 40,
    "codename": "add_unidadesof"
  }
},
{
  "model": "auth.permission",
  "pk": 158,
  "fields": {
    "name": "Can change unidade sof",
    "content_type": 40,
    "codename": "change_unidadesof"
  }
},
{
  "model": "auth.permission",
  "pk": 159,
  "fields": {
    "name": "Can delete unidade sof",
    "content_type": 40,
    "codename": "delete_unidadesof"
  }
},
{
  "model": "auth.permission",
  "pk": 160,
  "fields": {
    "name": "Can view unidade sof",
    "content_type": 40,
    "codename": "view_unidadesof"
  }
},
{
  "model": "auth.permission",
  "pk": 161,
  "fields": {
    "name": "Can add sub funcao sof",
    "content_type": 41,
    "codename": "add_subfuncaosof"
  }
},
{
  "model": "auth.permission",
  "pk": 162,
  "fields": {
    "name": "Can change sub funcao sof",
    "content_type": 41,
    "codename": "change_subfuncaosof"
  }
},
{
  "model": "auth.permission",
  "pk": 163,
  "fields": {
    "name": "Can delete sub funcao sof",
    "content_type": 41,
    "codename": "delete_subfuncaosof"
  }
},
{
  "model": "auth.permission",
  "pk": 164,
  "fields": {
    "name": "Can view sub funcao sof",
    "content_type": 41,
    "codename": "view_subfuncaosof"
  }
},
{
  "model": "auth.permission",
  "pk": 165,
  "fields": {
    "name": "Can add sub elemento sof",
    "content_type": 42,
    "codename": "add_subelementosof"
  }
},
{
  "model": "auth.permission",
  "pk": 166,
  "fields": {
    "name": "Can change sub elemento sof",
    "content_type": 42,
    "codename": "change_subelementosof"
  }
},
{
  "model": "auth.permission",
  "pk": 167,
  "fields": {
    "name": "Can delete sub elemento sof",
    "content_type": 42,
    "codename": "delete_subelementosof"
  }
},
{
  "model": "auth.permission",
  "pk": 168,
  "fields": {
    "name": "Can view sub elemento sof",
    "content_type": 42,
    "codename": "view_subelementosof"
  }
},
{
  "model": "auth.permission",
  "pk": 169,
  "fields": {
    "name": "Can add reserva",
    "content_type": 43,
    "codename": "add_reserva"
  }
},
{
  "model": "auth.permission",
  "pk": 170,
  "fields": {
    "name": "Can change reserva",
    "content_type": 43,
    "codename": "change_reserva"
  }
},
{
  "model": "auth.permission",
  "pk": 171,
  "fields": {
    "name": "Can delete reserva",
    "content_type": 43,
    "codename": "delete_reserva"
  }
},
{
  "model": "auth.permission",
  "pk": 172,
  "fields": {
    "name": "Can view reserva",
    "content_type": 43,
    "codename": "view_reserva"
  }
},
{
  "model": "auth.permission",
  "pk": 173,
  "fields": {
    "name": "Can add projeto atividade sof",
    "content_type": 44,
    "codename": "add_projetoatividadesof"
  }
},
{
  "model": "auth.permission",
  "pk": 174,
  "fields": {
    "name": "Can change projeto atividade sof",
    "content_type": 44,
    "codename": "change_projetoatividadesof"
  }
},
{
  "model": "auth.permission",
  "pk": 175,
  "fields": {
    "name": "Can delete projeto atividade sof",
    "content_type": 44,
    "codename": "delete_projetoatividadesof"
  }
},
{
  "model": "auth.permission",
  "pk": 176,
  "fields": {
    "name": "Can view projeto atividade sof",
    "content_type": 44,
    "codename": "view_projetoatividadesof"
  }
},
{
  "model": "auth.permission",
  "pk": 177,
  "fields": {
    "name": "Can add programa sof",
    "content_type": 45,
    "codename": "add_programasof"
  }
},
{
  "model": "auth.permission",
  "pk": 178,
  "fields": {
    "name": "Can change programa sof",
    "content_type": 45,
    "codename": "change_programasof"
  }
},
{
  "model": "auth.permission",
  "pk": 179,
  "fields": {
    "name": "Can delete programa sof",
    "content_type": 45,
    "codename": "delete_programasof"
  }
},
{
  "model": "auth.permission",
  "pk": 180,
  "fields": {
    "name": "Can view programa sof",
    "content_type": 45,
    "codename": "view_programasof"
  }
},
{
  "model": "auth.permission",
  "pk": 181,
  "fields": {
    "name": "Can add orgao sof",
    "content_type": 46,
    "codename": "add_orgaosof"
  }
},
{
  "model": "auth.permission",
  "pk": 182,
  "fields": {
    "name": "Can change orgao sof",
    "content_type": 46,
    "codename": "change_orgaosof"
  }
},
{
  "model": "auth.permission",
  "pk": 183,
  "fields": {
    "name": "Can delete orgao sof",
    "content_type": 46,
    "codename": "delete_orgaosof"
  }
},
{
  "model": "auth.permission",
  "pk": 184,
  "fields": {
    "name": "Can view orgao sof",
    "content_type": 46,
    "codename": "view_orgaosof"
  }
},
{
  "model": "auth.permission",
  "pk": 185,
  "fields": {
    "name": "Can add modalidade sof",
    "content_type": 47,
    "codename": "add_modalidadesof"
  }
},
{
  "model": "auth.permission",
  "pk": 186,
  "fields": {
    "name": "Can change modalidade sof",
    "content_type": 47,
    "codename": "change_modalidadesof"
  }
},
{
  "model": "auth.permission",
  "pk": 187,
  "fields": {
    "name": "Can delete modalidade sof",
    "content_type": 47,
    "codename": "delete_modalidadesof"
  }
},
{
  "model": "auth.permission",
  "pk": 188,
  "fields": {
    "name": "Can view modalidade sof",
    "content_type": 47,
    "codename": "view_modalidadesof"
  }
},
{
  "model": "auth.permission",
  "pk": 189,
  "fields": {
    "name": "Can add grupo sof",
    "content_type": 48,
    "codename": "add_gruposof"
  }
},
{
  "model": "auth.permission",
  "pk": 190,
  "fields": {
    "name": "Can change grupo sof",
    "content_type": 48,
    "codename": "change_gruposof"
  }
},
{
  "model": "auth.permission",
  "pk": 191,
  "fields": {
    "name": "Can delete grupo sof",
    "content_type": 48,
    "codename": "delete_gruposof"
  }
},
{
  "model": "auth.permission",
  "pk": 192,
  "fields": {
    "name": "Can view grupo sof",
    "content_type": 48,
    "codename": "view_gruposof"
  }
},
{
  "model": "auth.permission",
  "pk": 193,
  "fields": {
    "name": "Can add funcao sof",
    "content_type": 49,
    "codename": "add_funcaosof"
  }
},
{
  "model": "auth.permission",
  "pk": 194,
  "fields": {
    "name": "Can change funcao sof",
    "content_type": 49,
    "codename": "change_funcaosof"
  }
},
{
  "model": "auth.permission",
  "pk": 195,
  "fields": {
    "name": "Can delete funcao sof",
    "content_type": 49,
    "codename": "delete_funcaosof"
  }
},
{
  "model": "auth.permission",
  "pk": 196,
  "fields": {
    "name": "Can view funcao sof",
    "content_type": 49,
    "codename": "view_funcaosof"
  }
},
{
  "model": "auth.permission",
  "pk": 197,
  "fields": {
    "name": "Can add fonte recurso sof",
    "content_type": 50,
    "codename": "add_fonterecursosof"
  }
},
{
  "model": "auth.permission",
  "pk": 198,
  "fields": {
    "name": "Can change fonte recurso sof",
    "content_type": 50,
    "codename": "change_fonterecursosof"
  }
},
{
  "model": "auth.permission",
  "pk": 199,
  "fields": {
    "name": "Can delete fonte recurso sof",
    "content_type": 50,
    "codename": "delete_fonterecursosof"
  }
},
{
  "model": "auth.permission",
  "pk": 200,
  "fields": {
    "name": "Can view fonte recurso sof",
    "content_type": 50,
    "codename": "view_fonterecursosof"
  }
},
{
  "model": "auth.permission",
  "pk": 201,
  "fields": {
    "name": "Can add empenho",
    "content_type": 51,
    "codename": "add_empenho"
  }
},
{
  "model": "auth.permission",
  "pk": 202,
  "fields": {
    "name": "Can change empenho",
    "content_type": 51,
    "codename": "change_empenho"
  }
},
{
  "model": "auth.permission",
  "pk": 203,
  "fields": {
    "name": "Can delete empenho",
    "content_type": 51,
    "codename": "delete_empenho"
  }
},
{
  "model": "auth.permission",
  "pk": 204,
  "fields": {
    "name": "Can view empenho",
    "content_type": 51,
    "codename": "view_empenho"
  }
},
{
  "model": "auth.permission",
  "pk": 205,
  "fields": {
    "name": "Can add elemento sof",
    "content_type": 52,
    "codename": "add_elementosof"
  }
},
{
  "model": "auth.permission",
  "pk": 206,
  "fields": {
    "name": "Can change elemento sof",
    "content_type": 52,
    "codename": "change_elementosof"
  }
},
{
  "model": "auth.permission",
  "pk": 207,
  "fields": {
    "name": "Can delete elemento sof",
    "content_type": 52,
    "codename": "delete_elementosof"
  }
},
{
  "model": "auth.permission",
  "pk": 208,
  "fields": {
    "name": "Can view elemento sof",
    "content_type": 52,
    "codename": "view_elementosof"
  }
},
{
  "model": "auth.permission",
  "pk": 209,
  "fields": {
    "name": "Can add contrato sof",
    "content_type": 53,
    "codename": "add_contratosof"
  }
},
{
  "model": "auth.permission",
  "pk": 210,
  "fields": {
    "name": "Can change contrato sof",
    "content_type": 53,
    "codename": "change_contratosof"
  }
},
{
  "model": "auth.permission",
  "pk": 211,
  "fields": {
    "name": "Can delete contrato sof",
    "content_type": 53,
    "codename": "delete_contratosof"
  }
},
{
  "model": "auth.permission",
  "pk": 212,
  "fields": {
    "name": "Can view contrato sof",
    "content_type": 53,
    "codename": "view_contratosof"
  }
},
{
  "model": "auth.permission",
  "pk": 213,
  "fields": {
    "name": "Can add contrato venda",
    "content_type": 54,
    "codename": "add_contratovenda"
  }
},
{
  "model": "auth.permission",
  "pk": 214,
  "fields": {
    "name": "Can change contrato venda",
    "content_type": 54,
    "codename": "change_contratovenda"
  }
},
{
  "model": "auth.permission",
  "pk": 215,
  "fields": {
    "name": "Can delete contrato venda",
    "content_type": 54,
    "codename": "delete_contratovenda"
  }
},
{
  "model": "auth.permission",
  "pk": 216,
  "fields": {
    "name": "Can view contrato venda",
    "content_type": 54,
    "codename": "view_contratovenda"
  }
},
{
  "model": "auth.permission",
  "pk": 217,
  "fields": {
    "name": "Can add revisao contrato venda",
    "content_type": 55,
    "codename": "add_revisaocontratovenda"
  }
},
{
  "model": "auth.permission",
  "pk": 218,
  "fields": {
    "name": "Can change revisao contrato venda",
    "content_type": 55,
    "codename": "change_revisaocontratovenda"
  }
},
{
  "model": "auth.permission",
  "pk": 219,
  "fields": {
    "name": "Can delete revisao contrato venda",
    "content_type": 55,
    "codename": "delete_revisaocontratovenda"
  }
},
{
  "model": "auth.permission",
  "pk": 220,
  "fields": {
    "name": "Can view revisao contrato venda",
    "content_type": 55,
    "codename": "view_revisaocontratovenda"
  }
},
{
  "model": "auth.permission",
  "pk": 221,
  "fields": {
    "name": "Can add item contrato venda",
    "content_type": 56,
    "codename": "add_itemcontratovenda"
  }
},
{
  "model": "auth.permission",
  "pk": 222,
  "fields": {
    "name": "Can change item contrato venda",
    "content_type": 56,
    "codename": "change_itemcontratovenda"
  }
},
{
  "model": "auth.permission",
  "pk": 223,
  "fields": {
    "name": "Can delete item contrato venda",
    "content_type": 56,
    "codename": "delete_itemcontratovenda"
  }
},
{
  "model": "auth.permission",
  "pk": 224,
  "fields": {
    "name": "Can view item contrato venda",
    "content_type": 56,
    "codename": "view_itemcontratovenda"
  }
},
{
  "model": "auth.permission",
  "pk": 225,
  "fields": {
    "name": "Can add briefing",
    "content_type": 57,
    "codename": "add_briefing"
  }
},
{
  "model": "auth.permission",
  "pk": 226,
  "fields": {
    "name": "Can change briefing",
    "content_type": 57,
    "codename": "change_briefing"
  }
},
{
  "model": "auth.permission",
  "pk": 227,
  "fields": {
    "name": "Can delete briefing",
    "content_type": 57,
    "codename": "delete_briefing"
  }
},
{
  "model": "auth.permission",
  "pk": 228,
  "fields": {
    "name": "Can view briefing",
    "content_type": 57,
    "codename": "view_briefing"
  }
},
{
  "model": "auth.permission",
  "pk": 229,
  "fields": {
    "name": "Can add revisao briefing",
    "content_type": 58,
    "codename": "add_revisaobriefing"
  }
},
{
  "model": "auth.permission",
  "pk": 230,
  "fields": {
    "name": "Can change revisao briefing",
    "content_type": 58,
    "codename": "change_revisaobriefing"
  }
},
{
  "model": "auth.permission",
  "pk": 231,
  "fields": {
    "name": "Can delete revisao briefing",
    "content_type": 58,
    "codename": "delete_revisaobriefing"
  }
},
{
  "model": "auth.permission",
  "pk": 232,
  "fields": {
    "name": "Can view revisao briefing",
    "content_type": 58,
    "codename": "view_revisaobriefing"
  }
},
{
  "model": "auth.permission",
  "pk": 233,
  "fields": {
    "name": "Can add item briefing",
    "content_type": 59,
    "codename": "add_itembriefing"
  }
},
{
  "model": "auth.permission",
  "pk": 234,
  "fields": {
    "name": "Can change item briefing",
    "content_type": 59,
    "codename": "change_itembriefing"
  }
},
{
  "model": "auth.permission",
  "pk": 235,
  "fields": {
    "name": "Can delete item briefing",
    "content_type": 59,
    "codename": "delete_itembriefing"
  }
},
{
  "model": "auth.permission",
  "pk": 236,
  "fields": {
    "name": "Can view item briefing",
    "content_type": 59,
    "codename": "view_itembriefing"
  }
},
{
  "model": "auth.permission",
  "pk": 237,
  "fields": {
    "name": "Can add Ordem de Fornecimento",
    "content_type": 60,
    "codename": "add_ordemfornecimento"
  }
},
{
  "model": "auth.permission",
  "pk": 238,
  "fields": {
    "name": "Can change Ordem de Fornecimento",
    "content_type": 60,
    "codename": "change_ordemfornecimento"
  }
},
{
  "model": "auth.permission",
  "pk": 239,
  "fields": {
    "name": "Can delete Ordem de Fornecimento",
    "content_type": 60,
    "codename": "delete_ordemfornecimento"
  }
},
{
  "model": "auth.permission",
  "pk": 240,
  "fields": {
    "name": "Can view Ordem de Fornecimento",
    "content_type": 60,
    "codename": "view_ordemfornecimento"
  }
},
{
  "model": "auth.permission",
  "pk": 241,
  "fields": {
    "name": "Can add item of",
    "content_type": 61,
    "codename": "add_itemof"
  }
},
{
  "model": "auth.permission",
  "pk": 242,
  "fields": {
    "name": "Can change item of",
    "content_type": 61,
    "codename": "change_itemof"
  }
},
{
  "model": "auth.permission",
  "pk": 243,
  "fields": {
    "name": "Can delete item of",
    "content_type": 61,
    "codename": "delete_itemof"
  }
},
{
  "model": "auth.permission",
  "pk": 244,
  "fields": {
    "name": "Can view item of",
    "content_type": 61,
    "codename": "view_itemof"
  }
},
{
  "model": "auth.group",
  "pk": 1,
  "fields": {
    "name": "Compradores",
    "permissions": [
      13,
      14,
      15,
      16,
      21,
      22,
      23,
      24,
      17,
      18,
      19,
      20,
      25,
      26,
      27,
      28,
      37,
      38,
      39,
      40,
      65,
      66,
      67,
      68,
      69,
      70,
      71,
      72,
      29,
      30,
      31,
      32,
      1,
      2,
      3,
      4,
      5,
      6,
      7,
      8,
      9,
      10,
      11,
      12,
      105,
      106,
      107,
      108,
      93,
      94,
      95,
      96,
      89,
      90,
      91,
      92,
      101,
      102,
      103,
      104,
      109,
      110,
      111,
      112,
      97,
      98,
      99,
      100,
      81,
      82,
      83,
      84,
      73,
      74,
      75,
      76,
      85,
      86,
      87,
      88,
      77,
      78,
      79,
      80,
      41,
      42,
      43,
      44,
      45,
      46,
      47,
      48,
      49,
      50,
      51,
      52,
      61,
      62,
      63,
      64,
      57,
      58,
      59,
      60,
      53,
      54,
      55,
      56,
      33,
      34,
      35,
      36
    ]
  }
},
{
  "model": "auth.user",
  "pk": 1,
  "fields": {
    "password": "pbkdf2_sha256$216000$pdoWddjCgFLY$LbXOJIGwZe0Yiv4o4cc44pqfWHNlPBy75jdZGRE2DLk=",
    "last_login": "2021-08-17T20:41:14.804Z",
    "is_superuser": true,
    "username": "alberto",
    "first_name": "Alberto",
    "last_name": "Ocroche",
    "email": "alberto@spturis.com",
    "is_staff": true,
    "is_active": true,
    "date_joined": "2021-06-08T19:24:18Z",
    "groups": [],
    "user_permissions": []
  }
},
{
  "model": "auth.user",
  "pk": 2,
  "fields": {
    "password": "pbkdf2_sha256$216000$kjuCquwaDy6E$7AOBsAJ7YeCJj0Bq8/Oj36QqxObgzVlSs2I7JOZrUMw=",
    "last_login": "2021-08-26T14:47:11.986Z",
    "is_superuser": false,
    "username": "janete",
    "first_name": "Janete",
    "last_name": "Novaes",
    "email": "janete@spturis.com",
    "is_staff": false,
    "is_active": true,
    "date_joined": "2021-06-08T22:31:01Z",
    "groups": [],
    "user_permissions": [
      13,
      14,
      15,
      16,
      21,
      22,
      23,
      24,
      17,
      18,
      19,
      20,
      25,
      26,
      27,
      28,
      37,
      38,
      39,
      40,
      65,
      66,
      67,
      68,
      69,
      70,
      71,
      72,
      29,
      30,
      31,
      32,
      137,
      138,
      139,
      140,
      141,
      142,
      143,
      144,
      1,
      2,
      3,
      4,
      5,
      6,
      7,
      8,
      9,
      10,
      11,
      12,
      105,
      106,
      107,
      108,
      117,
      118,
      119,
      120,
      113,
      114,
      115,
      116,
      133,
      134,
      135,
      136,
      93,
      94,
      95,
      96,
      89,
      90,
      91,
      92,
      101,
      102,
      103,
      104,
      109,
      110,
      111,
      112,
      97,
      98,
      99,
      100,
      121,
      122,
      123,
      124,
      125,
      126,
      127,
      128,
      129,
      130,
      131,
      132,
      81,
      82,
      83,
      84,
      73,
      74,
      75,
      76,
      85,
      86,
      87,
      88,
      77,
      78,
      79,
      80,
      41,
      42,
      43,
      44,
      45,
      46,
      47,
      48,
      49,
      50,
      51,
      52,
      61,
      62,
      63,
      64,
      57,
      58,
      59,
      60,
      53,
      54,
      55,
      56,
      33,
      34,
      35,
      36
    ]
  }
},
{
  "model": "auth.user",
  "pk": 3,
  "fields": {
    "password": "pbkdf2_sha256$216000$O80uykyuN3D9$xp06EPmOfQ0/aSMzaLtLYyNT+R8xIuKXG1fEi2/ZiAU=",
    "last_login": "2021-06-15T17:08:43.776Z",
    "is_superuser": false,
    "username": "elisayayoi",
    "first_name": "Elisa",
    "last_name": "Utimura",
    "email": "elisayayoi@spturis.com",
    "is_staff": false,
    "is_active": true,
    "date_joined": "2021-06-08T22:31:21Z",
    "groups": [
      1
    ],
    "user_permissions": []
  }
},
{
  "model": "auth.user",
  "pk": 4,
  "fields": {
    "password": "pbkdf2_sha256$216000$ObNEZjkDPDLX$gToKQkAtLhlwfUd1k0xIeH7I3IIxyjZNHJQJiGNhdKE=",
    "last_login": "2021-06-15T18:58:31.550Z",
    "is_superuser": false,
    "username": "veronica",
    "first_name": "Verônica",
    "last_name": "Vargas",
    "email": "alberto@spturis.com",
    "is_staff": false,
    "is_active": true,
    "date_joined": "2021-06-15T02:02:04Z",
    "groups": [
      1
    ],
    "user_permissions": []
  }
},
{
  "model": "auth.user",
  "pk": 5,
  "fields": {
    "password": "pbkdf2_sha256$216000$QwkFesM4f3BZ$yBE9aJkh70TNK8GuX1SuveAnxrVGXumwaPYcRJGHuNA=",
    "last_login": "2021-08-11T21:56:34.575Z",
    "is_superuser": false,
    "username": "camilalima",
    "first_name": "Camila",
    "last_name": "Lima",
    "email": "camilalima@spturis.com",
    "is_staff": false,
    "is_active": true,
    "date_joined": "2021-06-15T18:15:32Z",
    "groups": [
      1
    ],
    "user_permissions": [
      13,
      14,
      15,
      16,
      21,
      22,
      23,
      24,
      17,
      18,
      19,
      20,
      25,
      26,
      27,
      28,
      37,
      38,
      39,
      40,
      65,
      66,
      67,
      68,
      69,
      70,
      71,
      72,
      29,
      30,
      31,
      32,
      137,
      138,
      139,
      140,
      141,
      142,
      143,
      144,
      1,
      2,
      3,
      4,
      5,
      6,
      7,
      8,
      9,
      10,
      11,
      12,
      105,
      106,
      107,
      108,
      117,
      118,
      119,
      120,
      113,
      114,
      115,
      116,
      133,
      134,
      135,
      136,
      93,
      94,
      95,
      96,
      89,
      90,
      91,
      92,
      101,
      102,
      103,
      104,
      109,
      110,
      111,
      112,
      97,
      98,
      99,
      100,
      121,
      122,
      123,
      124,
      125,
      126,
      127,
      128,
      129,
      130,
      131,
      132,
      81,
      82,
      83,
      84,
      73,
      74,
      75,
      76,
      85,
      86,
      87,
      88,
      77,
      78,
      79,
      80,
      41,
      42,
      43,
      44,
      45,
      46,
      47,
      48,
      49,
      50,
      51,
      52,
      61,
      62,
      63,
      64,
      57,
      58,
      59,
      60,
      53,
      54,
      55,
      56,
      33,
      34,
      35,
      36
    ]
  }
},
{
  "model": "auth.user",
  "pk": 6,
  "fields": {
    "password": "pbkdf2_sha256$216000$kmrEhqPbtaKZ$eNTVmtsLHTADOvz8RIFkhk/WoFWwVOt8p0W3LWUnUN8=",
    "last_login": null,
    "is_superuser": false,
    "username": "paulorogerio",
    "first_name": "Paulo Rogério",
    "last_name": "Almeida",
    "email": "paulorogerio@spturis.com",
    "is_staff": false,
    "is_active": true,
    "date_joined": "2021-07-14T17:57:45Z",
    "groups": [
      1
    ],
    "user_permissions": [
      13,
      14,
      15,
      16,
      21,
      22,
      23,
      24,
      17,
      18,
      19,
      20,
      25,
      26,
      27,
      28,
      37,
      38,
      39,
      40,
      65,
      66,
      67,
      68,
      69,
      70,
      71,
      72,
      29,
      30,
      31,
      32,
      137,
      138,
      139,
      140,
      141,
      142,
      143,
      144,
      1,
      2,
      3,
      4,
      5,
      6,
      7,
      8,
      9,
      10,
      11,
      12,
      105,
      106,
      107,
      108,
      117,
      118,
      119,
      120,
      113,
      114,
      115,
      116,
      133,
      134,
      135,
      136,
      93,
      94,
      95,
      96,
      89,
      90,
      91,
      92,
      101,
      102,
      103,
      104,
      109,
      110,
      111,
      112,
      97,
      98,
      99,
      100,
      121,
      122,
      123,
      124,
      125,
      126,
      127,
      128,
      129,
      130,
      131,
      132,
      81,
      82,
      83,
      84,
      73,
      74,
      75,
      76,
      85,
      86,
      87,
      88,
      77,
      78,
      79,
      80,
      41,
      42,
      43,
      44,
      45,
      46,
      47,
      48,
      49,
      50,
      51,
      52,
      61,
      62,
      63,
      64,
      57,
      58,
      59,
      60,
      53,
      54,
      55,
      56,
      33,
      34,
      35,
      36
    ]
  }
},
{
  "model": "auth.user",
  "pk": 7,
  "fields": {
    "password": "pbkdf2_sha256$216000$HgnPyzstrYj4$dSLYGd8ym9gDVC5mE5DOcKnxMVSRXGRkLczz4g5sdHU=",
    "last_login": null,
    "is_superuser": false,
    "username": "joao.brito",
    "first_name": "João Paulo",
    "last_name": "de Brito",
    "email": "joao.brito@spturis.com",
    "is_staff": false,
    "is_active": true,
    "date_joined": "2021-08-19T14:59:50Z",
    "groups": [],
    "user_permissions": []
  }
},
{
  "model": "auth.user",
  "pk": 8,
  "fields": {
    "password": "pbkdf2_sha256$216000$g6Q124vGbxRr$eo3iZrY4tV3h7fDp2Ce583TcNI7NNXu0//Wwm+wTJIs=",
    "last_login": null,
    "is_superuser": false,
    "username": "luisgaspar",
    "first_name": "Luís Gaspar",
    "last_name": "Manzoni Rigoni",
    "email": "luisgaspar@spturis.com",
    "is_staff": false,
    "is_active": true,
    "date_joined": "2021-08-19T20:17:35Z",
    "groups": [],
    "user_permissions": []
  }
},
{
  "model": "auth.user",
  "pk": 9,
  "fields": {
    "password": "pbkdf2_sha256$216000$lxCYH5yOsEOw$9EqLk3uPsTIEWUF1aaBkUhNposBuWFYAtvDDf3N9ZGo=",
    "last_login": null,
    "is_superuser": false,
    "username": "marcio",
    "first_name": "Marcio Roberto",
    "last_name": "de Oliveira",
    "email": "marcio@spturis.com",
    "is_staff": false,
    "is_active": true,
    "date_joined": "2021-08-19T20:40:44Z",
    "groups": [],
    "user_permissions": []
  }
},
{
  "model": "auth.user",
  "pk": 10,
  "fields": {
    "password": "pbkdf2_sha256$216000$Ffk5KBpBkJE2$dwqh7tdTSDqT6xDEILBgNd0G8JbDMl6btqOgTPVPGKM=",
    "last_login": null,
    "is_superuser": false,
    "username": "edson",
    "first_name": "Edson",
    "last_name": "Antonio Saura",
    "email": "edson@spturis.com",
    "is_staff": false,
    "is_active": true,
    "date_joined": "2021-08-19T20:41:20Z",
    "groups": [],
    "user_permissions": [
      13,
      14,
      15,
      16,
      21,
      22,
      23,
      24,
      17,
      18,
      19,
      20,
      25,
      26,
      27,
      28,
      37,
      38,
      39,
      40,
      65,
      66,
      67,
      68,
      69,
      70,
      71,
      72,
      29,
      30,
      31,
      32,
      137,
      138,
      139,
      140,
      141,
      142,
      143,
      144,
      145,
      146,
      147,
      148,
      1,
      2,
      3,
      4,
      5,
      6,
      7,
      8,
      9,
      10,
      11,
      12,
      105,
      106,
      107,
      108,
      117,
      118,
      119,
      120,
      113,
      114,
      115,
      116,
      133,
      134,
      135,
      136,
      93,
      94,
      95,
      96,
      89,
      90,
      91,
      92,
      101,
      102,
      103,
      104,
      109,
      110,
      111,
      112,
      97,
      98,
      99,
      100,
      121,
      122,
      123,
      124,
      125,
      126,
      127,
      128,
      129,
      130,
      131,
      132,
      81,
      82,
      83,
      84,
      73,
      74,
      75,
      76,
      85,
      86,
      87,
      88,
      77,
      78,
      79,
      80,
      41,
      42,
      43,
      44,
      45,
      46,
      47,
      48,
      49,
      50,
      51,
      52,
      61,
      62,
      63,
      64,
      57,
      58,
      59,
      60,
      53,
      54,
      55,
      56,
      33,
      34,
      35,
      36,
      149,
      150,
      151,
      152,
      209,
      210,
      211,
      212,
      153,
      154,
      155,
      156,
      205,
      206,
      207,
      208,
      201,
      202,
      203,
      204,
      197,
      198,
      199,
      200,
      193,
      194,
      195,
      196,
      189,
      190,
      191,
      192,
      185,
      186,
      187,
      188,
      181,
      182,
      183,
      184,
      177,
      178,
      179,
      180,
      173,
      174,
      175,
      176,
      169,
      170,
      171,
      172,
      165,
      166,
      167,
      168,
      161,
      162,
      163,
      164,
      157,
      158,
      159,
      160
    ]
  }
},
{
  "model": "auth.user",
  "pk": 11,
  "fields": {
    "password": "pbkdf2_sha256$216000$b5Y9xggj3vON$F45Y2RnZehqL7l8p1B9a8eaLsj8Olct0kOYWHF9x8F8=",
    "last_login": null,
    "is_superuser": false,
    "username": "andrea",
    "first_name": "Andrea",
    "last_name": "Millie Satake",
    "email": "andrea@spturis.com",
    "is_staff": false,
    "is_active": true,
    "date_joined": "2021-08-19T22:38:43Z",
    "groups": [],
    "user_permissions": []
  }
},
{
  "model": "auth.user",
  "pk": 12,
  "fields": {
    "password": "pbkdf2_sha256$216000$nwr0Jk67MTnA$v/yMf9u0rQzYH8uD7LfODRk480Cyf6eYucn5HtP9XE8=",
    "last_login": null,
    "is_superuser": false,
    "username": "apcalves",
    "first_name": "Ana Paula",
    "last_name": "Correia Alves",
    "email": "apcalves@spturis.com",
    "is_staff": false,
    "is_active": true,
    "date_joined": "2021-08-19T22:40:20Z",
    "groups": [],
    "user_permissions": []
  }
},
{
  "model": "contenttypes.contenttype",
  "pk": 1,
  "fields": {
    "app_label": "easyaudit",
    "model": "crudevent"
  }
},
{
  "model": "contenttypes.contenttype",
  "pk": 2,
  "fields": {
    "app_label": "easyaudit",
    "model": "loginevent"
  }
},
{
  "model": "contenttypes.contenttype",
  "pk": 3,
  "fields": {
    "app_label": "easyaudit",
    "model": "requestevent"
  }
},
{
  "model": "contenttypes.contenttype",
  "pk": 4,
  "fields": {
    "app_label": "admin",
    "model": "logentry"
  }
},
{
  "model": "contenttypes.contenttype",
  "pk": 5,
  "fields": {
    "app_label": "auth",
    "model": "permission"
  }
},
{
  "model": "contenttypes.contenttype",
  "pk": 6,
  "fields": {
    "app_label": "auth",
    "model": "group"
  }
},
{
  "model": "contenttypes.contenttype",
  "pk": 7,
  "fields": {
    "app_label": "auth",
    "model": "user"
  }
},
{
  "model": "contenttypes.contenttype",
  "pk": 8,
  "fields": {
    "app_label": "contenttypes",
    "model": "contenttype"
  }
},
{
  "model": "contenttypes.contenttype",
  "pk": 9,
  "fields": {
    "app_label": "sessions",
    "model": "session"
  }
},
{
  "model": "contenttypes.contenttype",
  "pk": 10,
  "fields": {
    "app_label": "base",
    "model": "status"
  }
},
{
  "model": "contenttypes.contenttype",
  "pk": 11,
  "fields": {
    "app_label": "produtos",
    "model": "classeproduto"
  }
},
{
  "model": "contenttypes.contenttype",
  "pk": 12,
  "fields": {
    "app_label": "produtos",
    "model": "grupoproduto"
  }
},
{
  "model": "contenttypes.contenttype",
  "pk": 13,
  "fields": {
    "app_label": "produtos",
    "model": "produto"
  }
},
{
  "model": "contenttypes.contenttype",
  "pk": 14,
  "fields": {
    "app_label": "produtos",
    "model": "unidademedida"
  }
},
{
  "model": "contenttypes.contenttype",
  "pk": 15,
  "fields": {
    "app_label": "produtos",
    "model": "subproduto"
  }
},
{
  "model": "contenttypes.contenttype",
  "pk": 16,
  "fields": {
    "app_label": "produtos",
    "model": "subgrupoproduto"
  }
},
{
  "model": "contenttypes.contenttype",
  "pk": 17,
  "fields": {
    "app_label": "compras",
    "model": "itemsc"
  }
},
{
  "model": "contenttypes.contenttype",
  "pk": 18,
  "fields": {
    "app_label": "compras",
    "model": "solicitacaocompra"
  }
},
{
  "model": "contenttypes.contenttype",
  "pk": 19,
  "fields": {
    "app_label": "processos",
    "model": "processo"
  }
},
{
  "model": "contenttypes.contenttype",
  "pk": 20,
  "fields": {
    "app_label": "processos",
    "model": "sistema"
  }
},
{
  "model": "contenttypes.contenttype",
  "pk": 21,
  "fields": {
    "app_label": "processos",
    "model": "modalidade"
  }
},
{
  "model": "contenttypes.contenttype",
  "pk": 22,
  "fields": {
    "app_label": "processos",
    "model": "processocompra"
  }
},
{
  "model": "contenttypes.contenttype",
  "pk": 23,
  "fields": {
    "app_label": "empresa",
    "model": "departamento"
  }
},
{
  "model": "contenttypes.contenttype",
  "pk": 24,
  "fields": {
    "app_label": "empresa",
    "model": "coordenadoria"
  }
},
{
  "model": "contenttypes.contenttype",
  "pk": 25,
  "fields": {
    "app_label": "empresa",
    "model": "gerencia"
  }
},
{
  "model": "contenttypes.contenttype",
  "pk": 26,
  "fields": {
    "app_label": "empresa",
    "model": "diretoria"
  }
},
{
  "model": "contenttypes.contenttype",
  "pk": 27,
  "fields": {
    "app_label": "empresa",
    "model": "cargo"
  }
},
{
  "model": "contenttypes.contenttype",
  "pk": 28,
  "fields": {
    "app_label": "empresa",
    "model": "funcionario"
  }
},
{
  "model": "contenttypes.contenttype",
  "pk": 29,
  "fields": {
    "app_label": "empresa",
    "model": "contacontabil"
  }
},
{
  "model": "contenttypes.contenttype",
  "pk": 30,
  "fields": {
    "app_label": "empresa",
    "model": "centrocusto"
  }
},
{
  "model": "contenttypes.contenttype",
  "pk": 31,
  "fields": {
    "app_label": "empresa",
    "model": "pessoa"
  }
},
{
  "model": "contenttypes.contenttype",
  "pk": 32,
  "fields": {
    "app_label": "empresa",
    "model": "pessoafisica"
  }
},
{
  "model": "contenttypes.contenttype",
  "pk": 33,
  "fields": {
    "app_label": "empresa",
    "model": "pessoajuridica"
  }
},
{
  "model": "contenttypes.contenttype",
  "pk": 34,
  "fields": {
    "app_label": "empresa",
    "model": "contato"
  }
},
{
  "model": "contenttypes.contenttype",
  "pk": 35,
  "fields": {
    "app_label": "contratos",
    "model": "contratocompra"
  }
},
{
  "model": "contenttypes.contenttype",
  "pk": 36,
  "fields": {
    "app_label": "contratos",
    "model": "itemcontratocompra"
  }
},
{
  "model": "contenttypes.contenttype",
  "pk": 37,
  "fields": {
    "app_label": "contratos",
    "model": "revisaocontratocompra"
  }
},
{
  "model": "contenttypes.contenttype",
  "pk": 38,
  "fields": {
    "app_label": "sof",
    "model": "categoriasof"
  }
},
{
  "model": "contenttypes.contenttype",
  "pk": 39,
  "fields": {
    "app_label": "sof",
    "model": "dotacao"
  }
},
{
  "model": "contenttypes.contenttype",
  "pk": 40,
  "fields": {
    "app_label": "sof",
    "model": "unidadesof"
  }
},
{
  "model": "contenttypes.contenttype",
  "pk": 41,
  "fields": {
    "app_label": "sof",
    "model": "subfuncaosof"
  }
},
{
  "model": "contenttypes.contenttype",
  "pk": 42,
  "fields": {
    "app_label": "sof",
    "model": "subelementosof"
  }
},
{
  "model": "contenttypes.contenttype",
  "pk": 43,
  "fields": {
    "app_label": "sof",
    "model": "reserva"
  }
},
{
  "model": "contenttypes.contenttype",
  "pk": 44,
  "fields": {
    "app_label": "sof",
    "model": "projetoatividadesof"
  }
},
{
  "model": "contenttypes.contenttype",
  "pk": 45,
  "fields": {
    "app_label": "sof",
    "model": "programasof"
  }
},
{
  "model": "contenttypes.contenttype",
  "pk": 46,
  "fields": {
    "app_label": "sof",
    "model": "orgaosof"
  }
},
{
  "model": "contenttypes.contenttype",
  "pk": 47,
  "fields": {
    "app_label": "sof",
    "model": "modalidadesof"
  }
},
{
  "model": "contenttypes.contenttype",
  "pk": 48,
  "fields": {
    "app_label": "sof",
    "model": "gruposof"
  }
},
{
  "model": "contenttypes.contenttype",
  "pk": 49,
  "fields": {
    "app_label": "sof",
    "model": "funcaosof"
  }
},
{
  "model": "contenttypes.contenttype",
  "pk": 50,
  "fields": {
    "app_label": "sof",
    "model": "fonterecursosof"
  }
},
{
  "model": "contenttypes.contenttype",
  "pk": 51,
  "fields": {
    "app_label": "sof",
    "model": "empenho"
  }
},
{
  "model": "contenttypes.contenttype",
  "pk": 52,
  "fields": {
    "app_label": "sof",
    "model": "elementosof"
  }
},
{
  "model": "contenttypes.contenttype",
  "pk": 53,
  "fields": {
    "app_label": "sof",
    "model": "contratosof"
  }
},
{
  "model": "contenttypes.contenttype",
  "pk": 54,
  "fields": {
    "app_label": "contratos",
    "model": "contratovenda"
  }
},
{
  "model": "contenttypes.contenttype",
  "pk": 55,
  "fields": {
    "app_label": "contratos",
    "model": "revisaocontratovenda"
  }
},
{
  "model": "contenttypes.contenttype",
  "pk": 56,
  "fields": {
    "app_label": "contratos",
    "model": "itemcontratovenda"
  }
},
{
  "model": "contenttypes.contenttype",
  "pk": 57,
  "fields": {
    "app_label": "producao_eventos",
    "model": "briefing"
  }
},
{
  "model": "contenttypes.contenttype",
  "pk": 58,
  "fields": {
    "app_label": "producao_eventos",
    "model": "revisaobriefing"
  }
},
{
  "model": "contenttypes.contenttype",
  "pk": 59,
  "fields": {
    "app_label": "producao_eventos",
    "model": "itembriefing"
  }
},
{
  "model": "contenttypes.contenttype",
  "pk": 60,
  "fields": {
    "app_label": "controle_eventos",
    "model": "ordemfornecimento"
  }
},
{
  "model": "contenttypes.contenttype",
  "pk": 61,
  "fields": {
    "app_label": "controle_eventos",
    "model": "itemof"
  }
},
{
  "model": "sessions.session",
  "pk": "2355z4jngbzpjwzwnfxlx9b4xz9ah19d",
  "fields": {
    "session_data": "eyJfcGFzc3dvcmRfcmVzZXRfdG9rZW4iOiJhcGRyN2EtMzQwNDNjOTY4MjljYjcyMGUwMTNjYzNjM2M5ZjYzMjAifQ:1m0tvx:rGTnzMQ6qOl3yIuTRtfrOREZeo4HrhdaCnx9MHat6CI",
    "expire_date": "2021-07-20T22:52:53.851Z"
  }
},
{
  "model": "sessions.session",
  "pk": "3jgfm7bp19po0gh65medv4eumcqn1wud",
  "fields": {
    "session_data": ".eJxVjMsOwiAUBf-FtSFCeRSX7vsN5D5AqgaS0q6M_65NutDtmZnzEhG2tcStpyXOLC5CidPvhkCPVHfAd6i3JqnVdZlR7oo8aJdT4_S8Hu7fQYFevvXgR8MImRW7QRs9Gk-I1kEOYOCs0CAGTNqRZatB20whDx7BKXIak3h_APe7OLE:1m2J0g:cN9E3uCpKma5HUS9V5N68M8LzlwKvwgGOenub5Dtt_I",
    "expire_date": "2021-07-24T19:51:34.725Z"
  }
},
{
  "model": "sessions.session",
  "pk": "4u0u3vcmx8b8fe1wzs6y5jjhzvxmdy0a",
  "fields": {
    "session_data": ".eJxVjMsOwiAUBf-FtSFCeRSX7vsN5D5AqgaS0q6M_65NutDtmZnzEhG2tcStpyXOLC5CidPvhkCPVHfAd6i3JqnVdZlR7oo8aJdT4_S8Hu7fQYFevvXgR8MImRW7QRs9Gk-I1kEOYOCs0CAGTNqRZatB20whDx7BKXIak3h_APe7OLE:1ltGtO:zVkuqhqjx1zRE4pLHv6LI6Tivi6sNzqlkJGcfKPEVl8",
    "expire_date": "2021-06-29T21:46:42.397Z"
  }
},
{
  "model": "sessions.session",
  "pk": "4z3wu1u158k3b0m1ivykkaf8087aqgby",
  "fields": {
    "session_data": ".eJxVjDsOwjAQBe_iGlnreG2zlPQ5g7X-4QBypDipEHeHSCmgfTPzXsLztla_9bz4KYmLUOL0uwWOj9x2kO7cbrOMc1uXKchdkQftcpxTfl4P9--gcq_fGjRiJHs2BEBBDU6RdRocFrI8QCBMyGwiOxMRglVaZ6QCtgBEbY14fwCcZzZL:1ltExj:S6TUHA23JXdLIHz0wfLum3yMEJKteWeH6Pf2PWabNF8",
    "expire_date": "2021-06-29T19:43:03.314Z"
  }
},
{
  "model": "sessions.session",
  "pk": "73jxasgalp6k8bv9c056py0v5yh7kkal",
  "fields": {
    "session_data": ".eJxVjMsOwiAUBf-FtSFCeRSX7vsN5D5AqgaS0q6M_65NutDtmZnzEhG2tcStpyXOLC5CidPvhkCPVHfAd6i3JqnVdZlR7oo8aJdT4_S8Hu7fQYFevvXgR8MImRW7QRs9Gk-I1kEOYOCs0CAGTNqRZatB20whDx7BKXIak3h_APe7OLE:1ltFDa:euHCBDTztL6_qLo4YSIbFwWzWKDf6YFbeC7i0o8Ak-E",
    "expire_date": "2021-06-29T19:59:26.329Z"
  }
},
{
  "model": "sessions.session",
  "pk": "74h5b21efkm2428nxhty1vq8bbjyhjir",
  "fields": {
    "session_data": ".eJxVjDsOwjAQRO_iGlnE6y8lfc5geb0bHECOFCcV4u5gKQVIU817My8R076VuDde40ziIkCcfjtM-cG1A7qneltkXuq2zii7Ig_a5LgQP6-H-3dQUit9zRYn7cD6xGgDMLAjbbUBhf6cjfMq46C8sgPoMDlnCChQdvxNMCjeH-FmN8c:1ltCYN:2CwgVEQJ7tb1Sm2bIEi8Xjz33iTtOCQoKXqMeE3bdSQ",
    "expire_date": "2021-06-29T17:08:43.789Z"
  }
},
{
  "model": "sessions.session",
  "pk": "7et4x9lay6zmey8taeyh0zqvdvwmxpm3",
  "fields": {
    "session_data": ".eJxVjMsOwiAQRf-FtSEUhkdduvcbCAMzUjU0Ke3K-O_apAvd3nPOfYmYtrXGrdMSpyLOYhCn3w1TflDbQbmndptlntu6TCh3RR60y-tc6Hk53L-Dmnr91hiUAweMRhmdEoVMgbMz5BGsV9qOSCGwtwzKjk57x0NALgbAKMYs3h_b8je0:1lswdl:ytOB5VthKqnzbertHW76wtHLExYOX9ALP0-IXWc48kE",
    "expire_date": "2021-06-29T00:09:13.033Z"
  }
},
{
  "model": "sessions.session",
  "pk": "91bch4ft4esk7ck4fcn7laxr0ei8ags2",
  "fields": {
    "session_data": "eyJfcGFzc3dvcmRfcmVzZXRfdG9rZW4iOiJhb2FmODYtMmEwYjk5ZmI5OGZjOGM3NmFkMTEwNWUxNGJmYTc1Y2EifQ:1ltCXt:yRukUAeDngTgpV3TfvbQpi92isSxyGSRZj7fPp8rFsM",
    "expire_date": "2021-06-29T17:08:13.728Z"
  }
},
{
  "model": "sessions.session",
  "pk": "9g7pk3e3fiqtam50laxj7gc78ssojugv",
  "fields": {
    "session_data": ".eJxVjDsOwjAQBe_iGln2Ev8o6XMGy17v4gBypDipEHeHSCmgfTPzXiKmba1x67TEqYiLAHH63XLCB7UdlHtqt1ni3NZlynJX5EG7HOdCz-vh_h3U1Ou3DkwEyMGwMoPj4EGxzxbP5JUHogECG0jGMgN7azQyAHqtyRVnyYr3B-_UN_4:1m0tz8:UgmydJBkxmxOoNMGlQXX1NyDFwefBik7m9zCEuHdt8Q",
    "expire_date": "2021-07-20T22:56:10.867Z"
  }
},
{
  "model": "sessions.session",
  "pk": "agy6ixsflbl7ypy11c03qs3fgnp6kuxg",
  "fields": {
    "session_data": ".eJxVjMsOwiAUBf-FtSFCeRSX7vsN5D5AqgaS0q6M_65NutDtmZnzEhG2tcStpyXOLC5CidPvhkCPVHfAd6i3JqnVdZlR7oo8aJdT4_S8Hu7fQYFevvXgR8MImRW7QRs9Gk-I1kEOYOCs0CAGTNqRZatB20whDx7BKXIak3h_APe7OLE:1m0q5h:a6eAcLudJmpFx1tnDVEs2B2eDwpgeozqziakwle9J2U",
    "expire_date": "2021-07-20T18:46:41.448Z"
  }
},
{
  "model": "sessions.session",
  "pk": "ajnunm5y16wh4auk071bw213qt0mkr9o",
  "fields": {
    "session_data": "eyJfcGFzc3dvcmRfcmVzZXRfdG9rZW4iOiJhcjhja2ktYTYyYmNjYTVlNmJiMDRlNWM3ZmUyMTllZjIxODViZjQifQ:1mDwCj:4FRXNSL9pUCAFXmjEcv_Q1B3S42O_XroH7kbznaSSpk",
    "expire_date": "2021-08-25T21:56:05.299Z"
  }
},
{
  "model": "sessions.session",
  "pk": "eyhmb069h3ev3wbwgi4ollzx1jlyk12p",
  "fields": {
    "session_data": ".eJxVjMsOwiAUBf-FtSFCeRSX7vsN5D5AqgaS0q6M_65NutDtmZnzEhG2tcStpyXOLC5CidPvhkCPVHfAd6i3JqnVdZlR7oo8aJdT4_S8Hu7fQYFevvXgR8MImRW7QRs9Gk-I1kEOYOCs0CAGTNqRZatB20whDx7BKXIak3h_APe7OLE:1lzS66:3adqP2_TrNrOb0rEDXYbnG4AgAJmsyEGcRHNO8w3fks",
    "expire_date": "2021-07-16T22:57:22.532Z"
  }
},
{
  "model": "sessions.session",
  "pk": "g1z6ucmslmt3z6pjw2yywli7q1n99b5e",
  "fields": {
    "session_data": ".eJxVjMsOwiAUBf-FtSFCeRSX7vsN5D5AqgaS0q6M_65NutDtmZnzEhG2tcStpyXOLC5CidPvhkCPVHfAd6i3JqnVdZlR7oo8aJdT4_S8Hu7fQYFevvXgR8MImRW7QRs9Gk-I1kEOYOCs0CAGTNqRZatB20whDx7BKXIak3h_APe7OLE:1m7RYv:dcNtQ7oL8f-EN6EAc5YuR0ibGxpcBb7QlMKNbMoeKMU",
    "expire_date": "2021-08-08T00:00:09.369Z"
  }
},
{
  "model": "sessions.session",
  "pk": "gjb46l60r4y7hm7ql63v1ds3df9z5q7p",
  "fields": {
    "session_data": ".eJxVjMsOwiAQRf-FtSE8ZIa6dN9vIAMDUjU0Ke3K-O_apAvd3nPOfYlA21rD1vMSJhYXocXpd4uUHrntgO_UbrNMc1uXKcpdkQftcpw5P6-H-3dQqddv7RNrtgWglGFgzNEqArCok4mMqhhmSM46e9a5eFCajEbrgCMq9InE-wPxBTfU:1ltE9Y:L6jwumnMcx6H34melZLkTiWekJd45kZUEP8sAXVw9ps",
    "expire_date": "2021-06-29T18:51:12.928Z"
  }
},
{
  "model": "sessions.session",
  "pk": "ibwm3p7ndxqhf0cxqly9htjd8tugmkv2",
  "fields": {
    "session_data": ".eJxVjEEOwiAQRe_C2pARGCku3XsGMlMGqRpISrsy3l2bdKHb_977LxVpXUpcu8xxSuqsUB1-N6bxIXUD6U711vTY6jJPrDdF77Tra0vyvOzu30GhXr61s-QYgyM2VgwOnvGUvIVsTQCXM8HA2QOjgwCIYiQcEwgChgQZjXp_AMoiNww:1mDwDC:ZP1owqPH6xJK66p7CXM5yg1MwASRNrf2hTgmY_ezvRE",
    "expire_date": "2021-08-25T21:56:34.616Z"
  }
},
{
  "model": "sessions.session",
  "pk": "jpt5cefj4dvssw29fggzeovgp7tnxlmk",
  "fields": {
    "session_data": ".eJxVjMsOwiAQRf-FtSEUhkdduvcbCAMzUjU0Ke3K-O_apAvd3nPOfYmYtrXGrdMSpyLOYhCn3w1TflDbQbmndptlntu6TCh3RR60y-tc6Hk53L-Dmnr91hiUAweMRhmdEoVMgbMz5BGsV9qOSCGwtwzKjk57x0NALgbAKMYs3h_b8je0:1lqlu3:OchiYY3RefHElteg_dLzOvDDWLruAMAcda-i_D1TpRw",
    "expire_date": "2021-06-23T00:17:03.227Z"
  }
},
{
  "model": "sessions.session",
  "pk": "kkztuqdjunn5wtswk599bs2ckd17lsfw",
  "fields": {
    "session_data": ".eJxVjMsOwiAUBf-FtSFCeRSX7vsN5D5AqgaS0q6M_65NutDtmZnzEhG2tcStpyXOLC5CidPvhkCPVHfAd6i3JqnVdZlR7oo8aJdT4_S8Hu7fQYFevvXgR8MImRW7QRs9Gk-I1kEOYOCs0CAGTNqRZatB20whDx7BKXIak3h_APe7OLE:1mG5ta:V-JVKSOa-rmtmTl7LABH7ugossVAWJKTEJupPRfbKak",
    "expire_date": "2021-08-31T20:41:14.819Z"
  }
},
{
  "model": "sessions.session",
  "pk": "kuxdoo5oksrsji9dntfi6k1ug331pote",
  "fields": {
    "session_data": ".eJxVjMsOwiAQRf-FtSEUhkdduvcbCAMzUjU0Ke3K-O_apAvd3nPOfYmYtrXGrdMSpyLOYhCn3w1TflDbQbmndptlntu6TCh3RR60y-tc6Hk53L-Dmnr91hiUAweMRhmdEoVMgbMz5BGsV9qOSCGwtwzKjk57x0NALgbAKMYs3h_b8je0:1lsG3g:3eTTYm6_iAAia76yh9GT-4g33nJSmlSRJYYfLE80aMY",
    "expire_date": "2021-06-27T02:41:08.519Z"
  }
},
{
  "model": "sessions.session",
  "pk": "nf0f0hgkqvgouzo5nn2mybr84etrgcog",
  "fields": {
    "session_data": ".eJxVjMsOwiAUBf-FtSFCeRSX7vsN5D5AqgaS0q6M_65NutDtmZnzEhG2tcStpyXOLC5CidPvhkCPVHfAd6i3JqnVdZlR7oo8aJdT4_S8Hu7fQYFevvXgR8MImRW7QRs9Gk-I1kEOYOCs0CAGTNqRZatB20whDx7BKXIak3h_APe7OLE:1mFnV6:HZ3Trgjjk1JNWotKlOW7-HJX0yu6EcDGUcRHl609SIw",
    "expire_date": "2021-08-31T01:02:44.607Z"
  }
},
{
  "model": "sessions.session",
  "pk": "nojistx16gviqwxbhaowtbqlqig8y8id",
  "fields": {
    "session_data": ".eJxVjDsOwjAQBe_iGln2Ev8o6XMGy17v4gBypDipEHeHSCmgfTPzXiKmba1x67TEqYiLAHH63XLCB7UdlHtqt1ni3NZlynJX5EG7HOdCz-vh_h3U1Ou3DkwEyMGwMoPj4EGxzxbP5JUHogECG0jGMgN7azQyAHqtyRVnyYr3B-_UN_4:1mJGeu:50jxp0cIPiTUK2mkfiu6zy2IRK3tOQYb3RT9g8lYvao",
    "expire_date": "2021-09-09T14:47:12.010Z"
  }
},
{
  "model": "sessions.session",
  "pk": "qwqmnta534nulmw5x15e2nxum73z5916",
  "fields": {
    "session_data": ".eJxVjMsOwiAQRf-FtSEUhkdduvcbCAMzUjU0Ke3K-O_apAvd3nPOfYmYtrXGrdMSpyLOYhCn3w1TflDbQbmndptlntu6TCh3RR60y-tc6Hk53L-Dmnr91hiUAweMRhmdEoVMgbMz5BGsV9qOSCGwtwzKjk57x0NALgbAKMYs3h_b8je0:1lqk6X:yWyeuz46fkqMRKn0FyVYQTBjc2aFKFfMBy0g0mHJkGI",
    "expire_date": "2021-06-22T22:21:49.904Z"
  }
},
{
  "model": "sessions.session",
  "pk": "skretb79juxqdhnuce6h2pmjfiqz7e5i",
  "fields": {
    "session_data": ".eJxVjMsOwiAUBf-FtSFCeRSX7vsN5D5AqgaS0q6M_65NutDtmZnzEhG2tcStpyXOLC5CidPvhkCPVHfAd6i3JqnVdZlR7oo8aJdT4_S8Hu7fQYFevvXgR8MImRW7QRs9Gk-I1kEOYOCs0CAGTNqRZatB20whDx7BKXIak3h_APe7OLE:1m09cG:2lv3mHx36mwanWsXoujCqvcu6-MMq7ckCpJvQmS7CBY",
    "expire_date": "2021-07-18T21:25:28.239Z"
  }
},
{
  "model": "sessions.session",
  "pk": "t9pxtsnljzgxmzgvahp62z6g07zu7m4k",
  "fields": {
    "session_data": ".eJxVjMsOwiAUBf-FtSFCeRSX7vsN5D5AqgaS0q6M_65NutDtmZnzEhG2tcStpyXOLC5CidPvhkCPVHfAd6i3JqnVdZlR7oo8aJdT4_S8Hu7fQYFevvXgR8MImRW7QRs9Gk-I1kEOYOCs0CAGTNqRZatB20whDx7BKXIak3h_APe7OLE:1ltWvI:zBJCJcXln2vizYqa3dDTJB54FuotdTcmegTQXwjEIgI",
    "expire_date": "2021-06-30T14:53:44.111Z"
  }
},
{
  "model": "sessions.session",
  "pk": "vub76v8a6st9vrhrm8uli852dh6fbev3",
  "fields": {
    "session_data": "eyJfcGFzc3dvcmRfcmVzZXRfdG9rZW4iOiJhcGRvcjMtYjkyMWE0ZDgwYTBlNmU0NzM5MWFmNDdiNjJiOThmOGIifQ:1m0t6f:kttcRQ1aSWVHVT04haj9cugGWRqRBHiddE_ICSOEWk0",
    "expire_date": "2021-07-20T21:59:53.776Z"
  }
},
{
  "model": "sessions.session",
  "pk": "wh2qqqwk92jxasyjgqpdn6p3l8gx8kkk",
  "fields": {
    "session_data": ".eJxVjMsOwiAUBf-FtSFCeRSX7vsN5D5AqgaS0q6M_65NutDtmZnzEhG2tcStpyXOLC5CidPvhkCPVHfAd6i3JqnVdZlR7oo8aJdT4_S8Hu7fQYFevvXgR8MImRW7QRs9Gk-I1kEOYOCs0CAGTNqRZatB20whDx7BKXIak3h_APe7OLE:1lvoPj:bDgGDutFPPZR3p9FHj3gC15fhRo0ZcggMuSlWPp5jZw",
    "expire_date": "2021-07-06T21:58:35.362Z"
  }
},
{
  "model": "sessions.session",
  "pk": "xgnt1y4zbqh7xs8v4wp1d84u85yif99x",
  "fields": {
    "session_data": ".eJxVjTtuwzAQRO_COhbMFbkSXbrPGYj9kJE_EA1SQmAYuXskwEXSzpt58zKR1mWKa0s1XtScjDUffzMmuaV5B3ql-at0UualXrjbK92btu6zaLqf391_gonatK37YXTKlNUq9uBgdIMwe6QcyNHRsmMOnADFqwcCnyXkfmBCKwicdumDWvsuVWNNLS1xKdvbpqZ6Vfs8ZB8EXOA8ckAGhxZHFOsYcBBvj-bnF4IXTSc:1mG5sQ:Gd3o2KSjegpTMXqiEDZL1LJEE_4Y6B87JqwlD1I96wg",
    "expire_date": "2021-08-31T20:40:02.009Z"
  }
},
{
  "model": "sessions.session",
  "pk": "xt3pwqsjrn746y74k47tzjdvxu5wt4zh",
  "fields": {
    "session_data": "eyJfcGFzc3dvcmRfcmVzZXRfdG9rZW4iOiJhcGRvcjMtYjkyMWE0ZDgwYTBlNmU0NzM5MWFmNDdiNjJiOThmOGIifQ:1m0tIY:dW2T5d4RKu2DZqvpU0lsAu855uAzAq3Q3w_0QhEPTm0",
    "expire_date": "2021-07-20T22:12:10.082Z"
  }
},
{
  "model": "sessions.session",
  "pk": "yabz323haf65p7ahxmm3z543i2zz0kp0",
  "fields": {
    "session_data": "eyJfcGFzc3dvcmRfcmVzZXRfdG9rZW4iOiJhcGRyN2EtMzQwNDNjOTY4MjljYjcyMGUwMTNjYzNjM2M5ZjYzMjAifQ:1m0tw7:0OsqjyuoCpoY2dLS5Q2Qgu4fC5UB1X8GTFuJPwdgBOA",
    "expire_date": "2021-07-20T22:53:03.341Z"
  }
},
{
  "model": "base.status",
  "pk": 1,
  "fields": {
    "ativo": true,
    "criado_em": "2021-06-08T22:24:48.813Z",
    "criador": 1,
    "modificado_em": "2021-06-08T22:24:48.813Z",
    "ultimo_editor": 1,
    "tipo": "PC",
    "descricao": "Inicial"
  }
},
{
  "model": "base.status",
  "pk": 2,
  "fields": {
    "ativo": true,
    "criado_em": "2021-06-08T22:27:43.333Z",
    "criador": 1,
    "modificado_em": "2021-06-08T22:27:43.333Z",
    "ultimo_editor": 1,
    "tipo": "PC",
    "descricao": "Pesquisa de mercado"
  }
},
{
  "model": "base.status",
  "pk": 3,
  "fields": {
    "ativo": true,
    "criado_em": "2021-06-08T22:28:18.601Z",
    "criador": 1,
    "modificado_em": "2021-06-08T22:28:18.602Z",
    "ultimo_editor": 1,
    "tipo": "PC",
    "descricao": "Contratação realizada"
  }
},
{
  "model": "produtos.classeproduto",
  "pk": 1,
  "fields": {
    "ativo": true,
    "criado_em": "2021-06-15T18:19:57.827Z",
    "criador": 1,
    "modificado_em": "2021-06-15T18:19:57.827Z",
    "ultimo_editor": 1,
    "descricao": "Aquisição"
  }
},
{
  "model": "produtos.classeproduto",
  "pk": 2,
  "fields": {
    "ativo": true,
    "criado_em": "2021-06-15T18:47:32.084Z",
    "criador": 1,
    "modificado_em": "2021-06-15T18:47:32.084Z",
    "ultimo_editor": 1,
    "descricao": "Locação"
  }
},
{
  "model": "produtos.grupoproduto",
  "pk": 1,
  "fields": {
    "ativo": true,
    "criado_em": "2021-06-15T18:20:09.745Z",
    "criador": 1,
    "modificado_em": "2021-06-15T18:20:09.745Z",
    "ultimo_editor": 1,
    "classe": 1,
    "descricao": "Água Mineral"
  }
},
{
  "model": "produtos.grupoproduto",
  "pk": 2,
  "fields": {
    "ativo": true,
    "criado_em": "2021-06-15T18:47:40.779Z",
    "criador": 1,
    "modificado_em": "2021-06-15T18:47:40.779Z",
    "ultimo_editor": 1,
    "classe": 2,
    "descricao": "Mobiliário"
  }
},
{
  "model": "produtos.grupoproduto",
  "pk": 3,
  "fields": {
    "ativo": true,
    "criado_em": "2021-08-19T14:57:57.263Z",
    "criador": 1,
    "modificado_em": "2021-08-19T14:57:57.263Z",
    "ultimo_editor": 1,
    "classe": 2,
    "descricao": "Veículos"
  }
},
{
  "model": "produtos.subgrupoproduto",
  "pk": 1,
  "fields": {
    "ativo": true,
    "criado_em": "2021-06-15T18:20:16.162Z",
    "criador": 1,
    "modificado_em": "2021-06-15T18:20:16.162Z",
    "ultimo_editor": 1,
    "classe": 1,
    "grupo": 1,
    "descricao": "Água Mineral"
  }
},
{
  "model": "produtos.subgrupoproduto",
  "pk": 2,
  "fields": {
    "ativo": true,
    "criado_em": "2021-06-15T18:47:48.199Z",
    "criador": 1,
    "modificado_em": "2021-06-15T18:47:48.199Z",
    "ultimo_editor": 1,
    "classe": 2,
    "grupo": 2,
    "descricao": "Mobiliário Plástico"
  }
},
{
  "model": "produtos.subgrupoproduto",
  "pk": 3,
  "fields": {
    "ativo": true,
    "criado_em": "2021-06-15T21:17:56.904Z",
    "criador": 1,
    "modificado_em": "2021-06-15T21:17:56.904Z",
    "ultimo_editor": 1,
    "classe": 2,
    "grupo": 2,
    "descricao": "Mobiliário Decorativo"
  }
},
{
  "model": "produtos.subgrupoproduto",
  "pk": 4,
  "fields": {
    "ativo": true,
    "criado_em": "2021-08-19T14:58:27.588Z",
    "criador": 1,
    "modificado_em": "2021-08-19T14:58:34.977Z",
    "ultimo_editor": 1,
    "classe": 2,
    "grupo": 3,
    "descricao": "Veículo sem motorista"
  }
},
{
  "model": "produtos.unidademedida",
  "pk": 1,
  "fields": {
    "ativo": true,
    "criado_em": "2021-06-15T18:18:28.691Z",
    "criador": 1,
    "modificado_em": "2021-06-15T18:18:28.691Z",
    "ultimo_editor": 1,
    "sigla": "CX",
    "descricao": "Caixa"
  }
},
{
  "model": "produtos.unidademedida",
  "pk": 2,
  "fields": {
    "ativo": true,
    "criado_em": "2021-06-15T18:18:35.713Z",
    "criador": 1,
    "modificado_em": "2021-06-15T18:18:35.713Z",
    "ultimo_editor": 1,
    "sigla": "DI",
    "descricao": "Diária"
  }
},
{
  "model": "produtos.unidademedida",
  "pk": 3,
  "fields": {
    "ativo": true,
    "criado_em": "2021-06-15T18:18:42.485Z",
    "criador": 1,
    "modificado_em": "2021-06-15T18:18:42.485Z",
    "ultimo_editor": 1,
    "sigla": "UN",
    "descricao": "Unidade"
  }
},
{
  "model": "produtos.unidademedida",
  "pk": 4,
  "fields": {
    "ativo": true,
    "criado_em": "2021-06-15T19:44:16.723Z",
    "criador": 1,
    "modificado_em": "2021-06-15T19:44:16.723Z",
    "ultimo_editor": 1,
    "sigla": "FD",
    "descricao": "Fardo"
  }
},
{
  "model": "produtos.unidademedida",
  "pk": 5,
  "fields": {
    "ativo": true,
    "criado_em": "2021-06-15T21:53:41.610Z",
    "criador": 1,
    "modificado_em": "2021-06-15T21:53:41.610Z",
    "ultimo_editor": 1,
    "sigla": "SV",
    "descricao": "Serviço"
  }
},
{
  "model": "produtos.unidademedida",
  "pk": 6,
  "fields": {
    "ativo": true,
    "criado_em": "2021-06-21T20:42:40.274Z",
    "criador": 1,
    "modificado_em": "2021-06-21T20:42:40.274Z",
    "ultimo_editor": 1,
    "sigla": "PO",
    "descricao": "Posto"
  }
},
{
  "model": "produtos.unidademedida",
  "pk": 7,
  "fields": {
    "ativo": true,
    "criado_em": "2021-08-19T20:16:09.046Z",
    "criador": 1,
    "modificado_em": "2021-08-19T20:16:09.046Z",
    "ultimo_editor": 1,
    "sigla": "PC",
    "descricao": "Peça"
  }
},
{
  "model": "produtos.produto",
  "pk": 9,
  "fields": {
    "ativo": true,
    "criado_em": "2021-06-21T20:45:37.073Z",
    "criador": 1,
    "modificado_em": "2021-06-21T20:45:37.073Z",
    "ultimo_editor": 1,
    "descricao": "Agente de Limpeza",
    "subgrupo": null,
    "unidade": 6,
    "sigla": null,
    "especifica": "",
    "numprotheus": null,
    "ultimoprecocompra": null,
    "tabela_eventos": true
  }
},
{
  "model": "produtos.produto",
  "pk": 10,
  "fields": {
    "ativo": true,
    "criado_em": "2021-06-21T20:47:16.837Z",
    "criador": 1,
    "modificado_em": "2021-06-21T20:47:16.837Z",
    "ultimo_editor": 1,
    "descricao": "Água e Café tipo A",
    "subgrupo": null,
    "unidade": 5,
    "sigla": null,
    "especifica": "",
    "numprotheus": null,
    "ultimoprecocompra": null,
    "tabela_eventos": true
  }
},
{
  "model": "produtos.produto",
  "pk": 11,
  "fields": {
    "ativo": true,
    "criado_em": "2021-06-21T20:49:55.973Z",
    "criador": 1,
    "modificado_em": "2021-06-21T20:49:55.973Z",
    "ultimo_editor": 1,
    "descricao": "Água e Café tipo B",
    "subgrupo": null,
    "unidade": 5,
    "sigla": null,
    "especifica": "",
    "numprotheus": null,
    "ultimoprecocompra": null,
    "tabela_eventos": true
  }
},
{
  "model": "produtos.produto",
  "pk": 12,
  "fields": {
    "ativo": true,
    "criado_em": "2021-06-21T20:50:19.368Z",
    "criador": 1,
    "modificado_em": "2021-06-21T20:50:19.368Z",
    "ultimo_editor": 1,
    "descricao": "Água e Café tipo C",
    "subgrupo": null,
    "unidade": 5,
    "sigla": null,
    "especifica": "",
    "numprotheus": null,
    "ultimoprecocompra": null,
    "tabela_eventos": true
  }
},
{
  "model": "produtos.produto",
  "pk": 13,
  "fields": {
    "ativo": true,
    "criado_em": "2021-06-21T20:51:30.630Z",
    "criador": 1,
    "modificado_em": "2021-06-21T20:51:30.630Z",
    "ultimo_editor": 1,
    "descricao": "Água Mineral (caixa com 48 copos)",
    "subgrupo": null,
    "unidade": 1,
    "sigla": null,
    "especifica": "",
    "numprotheus": null,
    "ultimoprecocompra": null,
    "tabela_eventos": true
  }
},
{
  "model": "produtos.produto",
  "pk": 14,
  "fields": {
    "ativo": true,
    "criado_em": "2021-06-21T20:52:51.959Z",
    "criador": 1,
    "modificado_em": "2021-06-21T20:52:51.959Z",
    "ultimo_editor": 1,
    "descricao": "Almoço/Jantar",
    "subgrupo": null,
    "unidade": 5,
    "sigla": null,
    "especifica": "",
    "numprotheus": null,
    "ultimoprecocompra": null,
    "tabela_eventos": true
  }
},
{
  "model": "produtos.produto",
  "pk": 15,
  "fields": {
    "ativo": true,
    "criado_em": "2021-06-21T20:54:02.762Z",
    "criador": 1,
    "modificado_em": "2021-06-21T20:54:02.762Z",
    "ultimo_editor": 1,
    "descricao": "Ambulância Remoção",
    "subgrupo": null,
    "unidade": 5,
    "sigla": null,
    "especifica": "",
    "numprotheus": null,
    "ultimoprecocompra": null,
    "tabela_eventos": true
  }
},
{
  "model": "produtos.produto",
  "pk": 16,
  "fields": {
    "ativo": true,
    "criado_em": "2021-06-21T20:54:37.272Z",
    "criador": 1,
    "modificado_em": "2021-06-21T20:54:37.272Z",
    "ultimo_editor": 1,
    "descricao": "Ambulância UTI",
    "subgrupo": null,
    "unidade": 5,
    "sigla": null,
    "especifica": "",
    "numprotheus": null,
    "ultimoprecocompra": null,
    "tabela_eventos": true
  }
},
{
  "model": "produtos.produto",
  "pk": 17,
  "fields": {
    "ativo": true,
    "criado_em": "2021-06-21T20:55:39.134Z",
    "criador": 1,
    "modificado_em": "2021-06-21T20:55:39.134Z",
    "ultimo_editor": 1,
    "descricao": "Apoio Operacional",
    "subgrupo": null,
    "unidade": 6,
    "sigla": null,
    "especifica": "",
    "numprotheus": null,
    "ultimoprecocompra": null,
    "tabela_eventos": true
  }
},
{
  "model": "produtos.produto",
  "pk": 18,
  "fields": {
    "ativo": true,
    "criado_em": "2021-06-21T20:56:20.525Z",
    "criador": 1,
    "modificado_em": "2021-06-21T20:56:20.525Z",
    "ultimo_editor": 1,
    "descricao": "Arquibancada tipo A - 16m x 10and",
    "subgrupo": null,
    "unidade": 3,
    "sigla": null,
    "especifica": "",
    "numprotheus": null,
    "ultimoprecocompra": null,
    "tabela_eventos": true
  }
},
{
  "model": "produtos.produto",
  "pk": 19,
  "fields": {
    "ativo": true,
    "criado_em": "2021-06-21T20:56:54.405Z",
    "criador": 1,
    "modificado_em": "2021-06-21T20:56:54.405Z",
    "ultimo_editor": 1,
    "descricao": "Arquibancada tipo B - 10m x 7and",
    "subgrupo": null,
    "unidade": 3,
    "sigla": null,
    "especifica": "",
    "numprotheus": null,
    "ultimoprecocompra": null,
    "tabela_eventos": true
  }
},
{
  "model": "produtos.produto",
  "pk": 20,
  "fields": {
    "ativo": true,
    "criado_em": "2021-06-21T20:57:29.174Z",
    "criador": 1,
    "modificado_em": "2021-06-21T20:57:29.174Z",
    "ultimo_editor": 1,
    "descricao": "Arquibancada tipo C - 12,5m x 3and",
    "subgrupo": null,
    "unidade": 3,
    "sigla": null,
    "especifica": "",
    "numprotheus": null,
    "ultimoprecocompra": null,
    "tabela_eventos": true
  }
},
{
  "model": "produtos.produto",
  "pk": 21,
  "fields": {
    "ativo": true,
    "criado_em": "2021-06-21T20:57:58.403Z",
    "criador": 1,
    "modificado_em": "2021-06-21T20:57:58.403Z",
    "ultimo_editor": 1,
    "descricao": "Assistente de Palco",
    "subgrupo": null,
    "unidade": 6,
    "sigla": null,
    "especifica": "",
    "numprotheus": null,
    "ultimoprecocompra": null,
    "tabela_eventos": true
  }
},
{
  "model": "produtos.produto",
  "pk": 22,
  "fields": {
    "ativo": true,
    "criado_em": "2021-06-21T20:59:04.142Z",
    "criador": 1,
    "modificado_em": "2021-06-21T20:59:04.142Z",
    "ultimo_editor": 1,
    "descricao": "Automóvel - Carro de Passeio",
    "subgrupo": null,
    "unidade": 2,
    "sigla": null,
    "especifica": "",
    "numprotheus": null,
    "ultimoprecocompra": null,
    "tabela_eventos": true
  }
},
{
  "model": "produtos.produto",
  "pk": 23,
  "fields": {
    "ativo": true,
    "criado_em": "2021-06-21T20:59:44.791Z",
    "criador": 1,
    "modificado_em": "2021-08-19T14:59:04.537Z",
    "ultimo_editor": 1,
    "descricao": "Automóvel - Carro Executivo",
    "subgrupo": 4,
    "unidade": 2,
    "sigla": null,
    "especifica": "",
    "numprotheus": "1963",
    "ultimoprecocompra": null,
    "tabela_eventos": true
  }
},
{
  "model": "produtos.produto",
  "pk": 24,
  "fields": {
    "ativo": true,
    "criado_em": "2021-07-06T17:00:48.089Z",
    "criador": 1,
    "modificado_em": "2021-07-06T17:00:48.089Z",
    "ultimo_editor": 1,
    "descricao": "Guia de Turismo Bilíngue (Português/Idioma a definir)",
    "subgrupo": null,
    "unidade": 2,
    "sigla": null,
    "especifica": "",
    "numprotheus": null,
    "ultimoprecocompra": null,
    "tabela_eventos": false
  }
},
{
  "model": "produtos.produto",
  "pk": 25,
  "fields": {
    "ativo": true,
    "criado_em": "2021-07-06T17:04:17.978Z",
    "criador": 1,
    "modificado_em": "2021-07-06T17:04:17.978Z",
    "ultimo_editor": 1,
    "descricao": "Rádio HT",
    "subgrupo": null,
    "unidade": 3,
    "sigla": null,
    "especifica": "",
    "numprotheus": null,
    "ultimoprecocompra": null,
    "tabela_eventos": true
  }
},
{
  "model": "produtos.produto",
  "pk": 26,
  "fields": {
    "ativo": true,
    "criado_em": "2021-08-17T20:11:00.360Z",
    "criador": 1,
    "modificado_em": "2021-08-17T20:11:00.360Z",
    "ultimo_editor": 1,
    "descricao": "Armazenamento, Transporte, Montagem e Desmontagem de Estruturas",
    "subgrupo": null,
    "unidade": 5,
    "sigla": null,
    "especifica": "",
    "numprotheus": "5256",
    "ultimoprecocompra": null,
    "tabela_eventos": false
  }
},
{
  "model": "produtos.produto",
  "pk": 27,
  "fields": {
    "ativo": true,
    "criado_em": "2021-08-17T20:23:38.986Z",
    "criador": 1,
    "modificado_em": "2021-08-17T20:23:38.986Z",
    "ultimo_editor": 1,
    "descricao": "Envio de Mailing de Imprensa",
    "subgrupo": null,
    "unidade": 5,
    "sigla": null,
    "especifica": "",
    "numprotheus": "2300",
    "ultimoprecocompra": null,
    "tabela_eventos": false
  }
},
{
  "model": "produtos.produto",
  "pk": 28,
  "fields": {
    "ativo": true,
    "criado_em": "2021-08-19T20:16:56.215Z",
    "criador": 1,
    "modificado_em": "2021-08-19T20:16:56.215Z",
    "ultimo_editor": 1,
    "descricao": "Compressor rotativo para ar condicionado",
    "subgrupo": null,
    "unidade": 7,
    "sigla": null,
    "especifica": "",
    "numprotheus": "376",
    "ultimoprecocompra": null,
    "tabela_eventos": false
  }
},
{
  "model": "produtos.produto",
  "pk": 29,
  "fields": {
    "ativo": true,
    "criado_em": "2021-08-19T20:39:37.699Z",
    "criador": 1,
    "modificado_em": "2021-08-19T20:39:37.699Z",
    "ultimo_editor": 1,
    "descricao": "Lâmpada multivapor metálico tubular 2000W",
    "subgrupo": null,
    "unidade": 7,
    "sigla": null,
    "especifica": "",
    "numprotheus": "627",
    "ultimoprecocompra": null,
    "tabela_eventos": false
  }
},
{
  "model": "produtos.produto",
  "pk": 30,
  "fields": {
    "ativo": true,
    "criado_em": "2021-08-19T20:40:11.444Z",
    "criador": 1,
    "modificado_em": "2021-08-19T20:40:11.444Z",
    "ultimo_editor": 1,
    "descricao": "Reator para Lâmpada a vapor metálico a alta pressão 2000W",
    "subgrupo": null,
    "unidade": 7,
    "sigla": null,
    "especifica": "",
    "numprotheus": "643",
    "ultimoprecocompra": null,
    "tabela_eventos": false
  }
},
{
  "model": "produtos.produto",
  "pk": 31,
  "fields": {
    "ativo": true,
    "criado_em": "2021-08-19T22:41:30.287Z",
    "criador": 1,
    "modificado_em": "2021-08-19T22:41:30.287Z",
    "ultimo_editor": 1,
    "descricao": "Cursos e Treinamentos",
    "subgrupo": null,
    "unidade": 5,
    "sigla": null,
    "especifica": "",
    "numprotheus": "2016",
    "ultimoprecocompra": null,
    "tabela_eventos": false
  }
},
{
  "model": "compras.solicitacaocompra",
  "pk": 5,
  "fields": {
    "ativo": true,
    "criado_em": "2021-06-21T21:03:41.480Z",
    "criador": 1,
    "modificado_em": "2021-06-25T01:28:08.221Z",
    "ultimo_editor": 1,
    "numsc": "009000",
    "data_emissao": "2021-04-15",
    "prazo": "2021-07-15",
    "data_rec_compras": null,
    "processo": 8,
    "objeto": "Contratação de serviço de atendimento médico por meio de ambulâncias do tipo remoção e UTI em atendimento a diversos eventos pelo período de 12 meses",
    "justificativa": null,
    "valor_total": "1050000.000000",
    "area": 4,
    "centro_custo": 1,
    "conta_contabil": 1,
    "contr_evento": null,
    "evento": null,
    "cadtec": "",
    "responsavel": 2,
    "status": null
  }
},
{
  "model": "compras.solicitacaocompra",
  "pk": 6,
  "fields": {
    "ativo": true,
    "criado_em": "2021-06-21T21:13:43.995Z",
    "criador": 1,
    "modificado_em": "2021-06-25T01:42:12.964Z",
    "ultimo_editor": 1,
    "numsc": "009001",
    "data_emissao": "2021-03-28",
    "prazo": "2021-06-30",
    "data_rec_compras": null,
    "processo": 8,
    "objeto": "Contratação de serviço de água e café em atendimento a diversos eventos pelo período de 12 meses",
    "justificativa": null,
    "valor_total": "4165.000000",
    "area": 4,
    "centro_custo": 1,
    "conta_contabil": 1,
    "contr_evento": null,
    "evento": null,
    "cadtec": "",
    "responsavel": 2,
    "status": null
  }
},
{
  "model": "compras.solicitacaocompra",
  "pk": 7,
  "fields": {
    "ativo": true,
    "criado_em": "2021-08-17T20:13:29.282Z",
    "criador": 1,
    "modificado_em": "2021-08-17T20:14:32.041Z",
    "ultimo_editor": 1,
    "numsc": "009236",
    "data_emissao": "2021-06-28",
    "prazo": "2021-07-15",
    "data_rec_compras": null,
    "processo": 9,
    "objeto": "Contratação de serviço de fornecimento de mão de obra especializada para armazenamento, transporte, montagem e desmontagem de estruturas no Elevado João Goulart (Minhocão) pelo período de 30 dias",
    "justificativa": null,
    "valor_total": "49700.000000",
    "area": 4,
    "centro_custo": 1,
    "conta_contabil": 1,
    "contr_evento": null,
    "evento": null,
    "cadtec": "",
    "responsavel": 2,
    "status": null
  }
},
{
  "model": "compras.solicitacaocompra",
  "pk": 8,
  "fields": {
    "ativo": true,
    "criado_em": "2021-08-17T20:27:50.761Z",
    "criador": 1,
    "modificado_em": "2021-08-17T20:28:34.703Z",
    "ultimo_editor": 1,
    "numsc": "009310",
    "data_emissao": "2021-08-10",
    "prazo": "2021-08-25",
    "data_rec_compras": null,
    "processo": 10,
    "objeto": "Contratação de serviço de envio de textos de divulgação (press releases) por meio de ferramenta de distribuição automática online pelo período de 12 meses",
    "justificativa": null,
    "valor_total": "3600.000000",
    "area": 31,
    "centro_custo": 2,
    "conta_contabil": 2,
    "contr_evento": null,
    "evento": null,
    "cadtec": "",
    "responsavel": null,
    "status": null
  }
},
{
  "model": "compras.solicitacaocompra",
  "pk": 9,
  "fields": {
    "ativo": true,
    "criado_em": "2021-08-19T15:04:24.377Z",
    "criador": 1,
    "modificado_em": "2021-08-19T15:11:12.277Z",
    "ultimo_editor": 1,
    "numsc": "009315",
    "data_emissao": "2021-08-12",
    "prazo": "2021-09-12",
    "data_rec_compras": null,
    "processo": 11,
    "objeto": "Contratação de serviços de transporte mediante locação de dois veículos executivos, sem motorista, pelo período de 24 meses",
    "justificativa": null,
    "valor_total": "189999.960000",
    "area": 36,
    "centro_custo": 3,
    "conta_contabil": 3,
    "contr_evento": null,
    "evento": null,
    "cadtec": "",
    "responsavel": 7,
    "status": null
  }
},
{
  "model": "compras.solicitacaocompra",
  "pk": 10,
  "fields": {
    "ativo": true,
    "criado_em": "2021-08-19T20:21:59.371Z",
    "criador": 1,
    "modificado_em": "2021-08-19T20:23:10.688Z",
    "ultimo_editor": 1,
    "numsc": "009331",
    "data_emissao": "2021-08-19",
    "prazo": "2021-08-19",
    "data_rec_compras": null,
    "processo": 12,
    "objeto": "Aquisição de compressor do tipo rotativo para ar condicionado Elgin",
    "justificativa": null,
    "valor_total": "1056.840000",
    "area": 27,
    "centro_custo": 4,
    "conta_contabil": 4,
    "contr_evento": null,
    "evento": null,
    "cadtec": "",
    "responsavel": 8,
    "status": null
  }
},
{
  "model": "compras.solicitacaocompra",
  "pk": 11,
  "fields": {
    "ativo": true,
    "criado_em": "2021-08-19T20:47:16.596Z",
    "criador": 1,
    "modificado_em": "2021-08-19T20:47:57.804Z",
    "ultimo_editor": 1,
    "numsc": "009281",
    "data_emissao": "2021-07-28",
    "prazo": "2021-10-28",
    "data_rec_compras": null,
    "processo": 13,
    "objeto": "Aquisição de lâmpadas e reatores",
    "justificativa": null,
    "valor_total": "147900.000000",
    "area": 2,
    "centro_custo": 5,
    "conta_contabil": 5,
    "contr_evento": null,
    "evento": null,
    "cadtec": "",
    "responsavel": 10,
    "status": null
  }
},
{
  "model": "compras.solicitacaocompra",
  "pk": 12,
  "fields": {
    "ativo": true,
    "criado_em": "2021-08-19T22:44:16.993Z",
    "criador": 1,
    "modificado_em": "2021-08-19T22:46:12.431Z",
    "ultimo_editor": 1,
    "numsc": "009246",
    "data_emissao": "2021-07-06",
    "prazo": "2021-07-06",
    "data_rec_compras": null,
    "processo": 14,
    "objeto": "Contratação de treinamento \"As Contratações das Estatais em Foco\"",
    "justificativa": null,
    "valor_total": "5602.800000",
    "area": 20,
    "centro_custo": 7,
    "conta_contabil": 6,
    "contr_evento": null,
    "evento": null,
    "cadtec": "",
    "responsavel": 11,
    "status": null
  }
},
{
  "model": "compras.solicitacaocompra",
  "pk": 13,
  "fields": {
    "ativo": true,
    "criado_em": "2021-08-19T22:45:25.148Z",
    "criador": 1,
    "modificado_em": "2021-08-19T22:45:42.223Z",
    "ultimo_editor": 1,
    "numsc": "009278",
    "data_emissao": "2021-07-21",
    "prazo": "2021-08-06",
    "data_rec_compras": null,
    "processo": 15,
    "objeto": "Contratação de curso de media training para a diretoria executiva, chefe de gabinete e gerente de comunicação",
    "justificativa": null,
    "valor_total": "18000.000000",
    "area": 15,
    "centro_custo": 6,
    "conta_contabil": 6,
    "contr_evento": null,
    "evento": null,
    "cadtec": "",
    "responsavel": 12,
    "status": null
  }
},
{
  "model": "compras.itemsc",
  "pk": 4,
  "fields": {
    "ativo": true,
    "criado_em": "2021-06-21T21:03:41.494Z",
    "criador": 1,
    "modificado_em": "2021-06-21T21:03:41.494Z",
    "ultimo_editor": 1,
    "solicitacao": 5,
    "ord_item": "1",
    "subgrupo": null,
    "produto": 15,
    "descricao": null,
    "quantidade": "1500.000000",
    "diaria": null,
    "valor_unit": "700.000000",
    "valor_total": "1050000.000000"
  }
},
{
  "model": "compras.itemsc",
  "pk": 6,
  "fields": {
    "ativo": true,
    "criado_em": "2021-06-21T21:13:44.007Z",
    "criador": 1,
    "modificado_em": "2021-06-21T21:13:44.008Z",
    "ultimo_editor": 1,
    "solicitacao": 6,
    "ord_item": "1",
    "subgrupo": null,
    "produto": 10,
    "descricao": null,
    "quantidade": "400.000000",
    "diaria": null,
    "valor_unit": "5.000000",
    "valor_total": "2000.000000"
  }
},
{
  "model": "compras.itemsc",
  "pk": 7,
  "fields": {
    "ativo": true,
    "criado_em": "2021-06-21T21:13:44.014Z",
    "criador": 1,
    "modificado_em": "2021-06-25T01:41:52.025Z",
    "ultimo_editor": 1,
    "solicitacao": 6,
    "ord_item": "3",
    "subgrupo": null,
    "produto": 12,
    "descricao": null,
    "quantidade": "100.000000",
    "diaria": null,
    "valor_unit": "7.850000",
    "valor_total": "785.000000"
  }
},
{
  "model": "compras.itemsc",
  "pk": 8,
  "fields": {
    "ativo": true,
    "criado_em": "2021-06-25T01:42:12.944Z",
    "criador": 1,
    "modificado_em": "2021-06-25T01:42:12.944Z",
    "ultimo_editor": 1,
    "solicitacao": 6,
    "ord_item": "4",
    "subgrupo": null,
    "produto": 11,
    "descricao": null,
    "quantidade": "200.000000",
    "diaria": null,
    "valor_unit": "6.900000",
    "valor_total": "1380.000000"
  }
},
{
  "model": "compras.itemsc",
  "pk": 9,
  "fields": {
    "ativo": true,
    "criado_em": "2021-08-17T20:13:29.300Z",
    "criador": 1,
    "modificado_em": "2021-08-17T20:13:29.300Z",
    "ultimo_editor": 1,
    "solicitacao": 7,
    "ord_item": "1",
    "subgrupo": null,
    "produto": 26,
    "descricao": null,
    "quantidade": "1.000000",
    "diaria": null,
    "valor_unit": "49700.000000",
    "valor_total": "49700.000000"
  }
},
{
  "model": "compras.itemsc",
  "pk": 10,
  "fields": {
    "ativo": true,
    "criado_em": "2021-08-17T20:27:50.784Z",
    "criador": 1,
    "modificado_em": "2021-08-17T20:27:50.784Z",
    "ultimo_editor": 1,
    "solicitacao": 8,
    "ord_item": "1",
    "subgrupo": null,
    "produto": 27,
    "descricao": null,
    "quantidade": "12.000000",
    "diaria": null,
    "valor_unit": "300.000000",
    "valor_total": "3600.000000"
  }
},
{
  "model": "compras.itemsc",
  "pk": 11,
  "fields": {
    "ativo": true,
    "criado_em": "2021-08-19T15:04:24.395Z",
    "criador": 1,
    "modificado_em": "2021-08-19T15:09:11.398Z",
    "ultimo_editor": 1,
    "solicitacao": 9,
    "ord_item": "1",
    "subgrupo": null,
    "produto": 23,
    "descricao": null,
    "quantidade": "48.000000",
    "diaria": null,
    "valor_unit": "3958.332500",
    "valor_total": "189999.960000"
  }
},
{
  "model": "compras.itemsc",
  "pk": 12,
  "fields": {
    "ativo": true,
    "criado_em": "2021-08-19T20:21:59.384Z",
    "criador": 1,
    "modificado_em": "2021-08-19T20:21:59.384Z",
    "ultimo_editor": 1,
    "solicitacao": 10,
    "ord_item": "1",
    "subgrupo": null,
    "produto": 28,
    "descricao": null,
    "quantidade": "1.000000",
    "diaria": null,
    "valor_unit": "1056.840000",
    "valor_total": "1056.840000"
  }
},
{
  "model": "compras.itemsc",
  "pk": 13,
  "fields": {
    "ativo": true,
    "criado_em": "2021-08-19T20:47:16.617Z",
    "criador": 1,
    "modificado_em": "2021-08-19T20:47:16.617Z",
    "ultimo_editor": 1,
    "solicitacao": 11,
    "ord_item": "1",
    "subgrupo": null,
    "produto": 29,
    "descricao": null,
    "quantidade": "120.000000",
    "diaria": null,
    "valor_unit": "830.000000",
    "valor_total": "99600.000000"
  }
},
{
  "model": "compras.itemsc",
  "pk": 14,
  "fields": {
    "ativo": true,
    "criado_em": "2021-08-19T20:47:16.629Z",
    "criador": 1,
    "modificado_em": "2021-08-19T20:47:16.629Z",
    "ultimo_editor": 1,
    "solicitacao": 11,
    "ord_item": "2",
    "subgrupo": null,
    "produto": 30,
    "descricao": null,
    "quantidade": "70.000000",
    "diaria": null,
    "valor_unit": "690.000000",
    "valor_total": "48300.000000"
  }
},
{
  "model": "compras.itemsc",
  "pk": 15,
  "fields": {
    "ativo": true,
    "criado_em": "2021-08-19T22:44:17.007Z",
    "criador": 1,
    "modificado_em": "2021-08-19T22:44:17.007Z",
    "ultimo_editor": 1,
    "solicitacao": 12,
    "ord_item": "1",
    "subgrupo": null,
    "produto": 31,
    "descricao": "As Contratações das Estatais em Foco",
    "quantidade": "1.000000",
    "diaria": null,
    "valor_unit": "5602.800000",
    "valor_total": "5602.800000"
  }
},
{
  "model": "compras.itemsc",
  "pk": 16,
  "fields": {
    "ativo": true,
    "criado_em": "2021-08-19T22:45:25.164Z",
    "criador": 1,
    "modificado_em": "2021-08-19T22:45:25.164Z",
    "ultimo_editor": 1,
    "solicitacao": 13,
    "ord_item": "1",
    "subgrupo": null,
    "produto": 31,
    "descricao": "Media Training",
    "quantidade": "8.000000",
    "diaria": null,
    "valor_unit": "2250.000000",
    "valor_total": "18000.000000"
  }
},
{
  "model": "processos.modalidade",
  "pk": 1,
  "fields": {
    "ativo": true,
    "criado_em": "2021-06-08T22:26:37.407Z",
    "criador": 1,
    "modificado_em": "2021-06-08T22:26:37.407Z",
    "ultimo_editor": 1,
    "sigla": "Indefinida",
    "fundamento": "Indefinida"
  }
},
{
  "model": "processos.modalidade",
  "pk": 2,
  "fields": {
    "ativo": true,
    "criado_em": "2021-06-08T22:26:47.772Z",
    "criador": 1,
    "modificado_em": "2021-06-08T22:26:47.772Z",
    "ultimo_editor": 1,
    "sigla": "PE",
    "fundamento": "Pregão Eletrônico"
  }
},
{
  "model": "processos.modalidade",
  "pk": 3,
  "fields": {
    "ativo": true,
    "criado_em": "2021-06-08T22:27:25.760Z",
    "criador": 1,
    "modificado_em": "2021-06-08T22:27:25.760Z",
    "ultimo_editor": 1,
    "sigla": "DL - Art. 29 II",
    "fundamento": "Dispensa de Licitação - Art. 29, inciso II"
  }
},
{
  "model": "processos.modalidade",
  "pk": 4,
  "fields": {
    "ativo": true,
    "criado_em": "2021-06-15T21:52:50.045Z",
    "criador": 1,
    "modificado_em": "2021-06-15T21:52:50.045Z",
    "ultimo_editor": 1,
    "sigla": "IL - Art. 30 \"caput\"",
    "fundamento": "Inexigibilidade de Licitação - Art. 30, \"caput\""
  }
},
{
  "model": "processos.sistema",
  "pk": 1,
  "fields": {
    "ativo": true,
    "criado_em": "2021-06-08T22:31:46.660Z",
    "criador": 1,
    "modificado_em": "2021-06-08T22:31:46.660Z",
    "ultimo_editor": 1,
    "descricao": "Licitações-e"
  }
},
{
  "model": "processos.processo",
  "pk": 8,
  "fields": {
    "ativo": true,
    "criado_em": "2021-06-21T21:07:08.159Z",
    "criador": 1,
    "modificado_em": "2021-06-22T22:06:59.297Z",
    "ultimo_editor": 1,
    "numero_sei": "7210.2021/0000001-0",
    "tipo": "PC",
    "descricao": "Contratação de serviço de atendimento médico por meio de ambulâncias do tipo remoção e UTI em atendimento a diversos eventos pelo período de 12 meses",
    "data_autuacao": null
  }
},
{
  "model": "processos.processo",
  "pk": 9,
  "fields": {
    "ativo": true,
    "criado_em": "2021-08-17T20:14:18.224Z",
    "criador": 1,
    "modificado_em": "2021-08-18T20:36:01.959Z",
    "ultimo_editor": 1,
    "numero_sei": "7210.2021/0002187-5",
    "tipo": "PC",
    "descricao": "Contratação de serviço de fornecimento de mão de obra especializada para armazenamento, transporte, montagem e desmontagem de estruturas no Elevado João Goulart (Minhocão) pelo período de 30 dias",
    "data_autuacao": null
  }
},
{
  "model": "processos.processo",
  "pk": 10,
  "fields": {
    "ativo": true,
    "criado_em": "2021-08-17T20:28:23.848Z",
    "criador": 1,
    "modificado_em": "2021-08-19T15:12:41.284Z",
    "ultimo_editor": 1,
    "numero_sei": "7210.2021/0002685-0",
    "tipo": "PC",
    "descricao": "Contratação de serviço de envio de textos de divulgação (press releases) por meio de ferramenta de distribuição automática online pelo período de 12 meses",
    "data_autuacao": null
  }
},
{
  "model": "processos.processo",
  "pk": 11,
  "fields": {
    "ativo": true,
    "criado_em": "2021-08-19T15:10:58.585Z",
    "criador": 1,
    "modificado_em": "2021-08-19T15:11:25.510Z",
    "ultimo_editor": 1,
    "numero_sei": "7210.2021/0002745-8",
    "tipo": "PC",
    "descricao": "Contratação de serviços de transporte mediante locação de dois veículos executivos, sem motorista, pelo período de 24 meses",
    "data_autuacao": null
  }
},
{
  "model": "processos.processo",
  "pk": 12,
  "fields": {
    "ativo": true,
    "criado_em": "2021-08-19T20:23:03.487Z",
    "criador": 1,
    "modificado_em": "2021-08-19T20:23:17.581Z",
    "ultimo_editor": 1,
    "numero_sei": "7210.2021/0002829-2",
    "tipo": "PC",
    "descricao": "Aquisição de compressor do tipo rotativo para ar condicionado Elgin",
    "data_autuacao": null
  }
},
{
  "model": "processos.processo",
  "pk": 13,
  "fields": {
    "ativo": true,
    "criado_em": "2021-08-19T20:47:44.577Z",
    "criador": 1,
    "modificado_em": "2021-08-19T20:48:04.812Z",
    "ultimo_editor": 1,
    "numero_sei": "7210.2021/0002489-0",
    "tipo": "PC",
    "descricao": "Aquisição de lâmpadas e reatores",
    "data_autuacao": null
  }
},
{
  "model": "processos.processo",
  "pk": 14,
  "fields": {
    "ativo": true,
    "criado_em": "2021-08-19T22:42:25.309Z",
    "criador": 1,
    "modificado_em": "2021-08-19T22:46:19.400Z",
    "ultimo_editor": 1,
    "numero_sei": "7210.2021/0002191-3",
    "tipo": "PC",
    "descricao": "Contratação de treinamento \"As Contratações das Estatais em Foco\"",
    "data_autuacao": null
  }
},
{
  "model": "processos.processo",
  "pk": 15,
  "fields": {
    "ativo": true,
    "criado_em": "2021-08-19T22:43:02.691Z",
    "criador": 1,
    "modificado_em": "2021-08-19T22:45:49.607Z",
    "ultimo_editor": 1,
    "numero_sei": "7210.2021/0002451-3",
    "tipo": "PC",
    "descricao": "Contratação de curso de media training para a diretoria executiva, chefe de gabinete e gerente de comunicação",
    "data_autuacao": null
  }
},
{
  "model": "processos.processocompra",
  "pk": 8,
  "fields": {
    "ativo": true,
    "criado_em": "2021-06-21T21:07:08.169Z",
    "criador": 1,
    "modificado_em": "2021-06-22T22:06:59.320Z",
    "ultimo_editor": 1,
    "modalidade": 1,
    "numero_edital": null,
    "sistema": null,
    "refer_sistema": null,
    "data_gco": "2021-04-16",
    "status": 1
  }
},
{
  "model": "processos.processocompra",
  "pk": 9,
  "fields": {
    "ativo": true,
    "criado_em": "2021-08-17T20:14:18.243Z",
    "criador": 1,
    "modificado_em": "2021-08-18T20:36:01.996Z",
    "ultimo_editor": 1,
    "modalidade": 3,
    "numero_edital": null,
    "sistema": null,
    "refer_sistema": null,
    "data_gco": "2021-07-08",
    "status": 3
  }
},
{
  "model": "processos.processocompra",
  "pk": 10,
  "fields": {
    "ativo": true,
    "criado_em": "2021-08-17T20:28:23.861Z",
    "criador": 1,
    "modificado_em": "2021-08-19T15:12:41.314Z",
    "ultimo_editor": 1,
    "modalidade": 3,
    "numero_edital": null,
    "sistema": null,
    "refer_sistema": null,
    "data_gco": "2021-08-17",
    "status": 2
  }
},
{
  "model": "processos.processocompra",
  "pk": 11,
  "fields": {
    "ativo": true,
    "criado_em": "2021-08-19T15:10:58.601Z",
    "criador": 1,
    "modificado_em": "2021-08-19T15:11:25.536Z",
    "ultimo_editor": 1,
    "modalidade": 2,
    "numero_edital": null,
    "sistema": null,
    "refer_sistema": null,
    "data_gco": "2021-08-19",
    "status": 2
  }
},
{
  "model": "processos.processocompra",
  "pk": 12,
  "fields": {
    "ativo": true,
    "criado_em": "2021-08-19T20:23:03.498Z",
    "criador": 1,
    "modificado_em": "2021-08-19T20:23:17.606Z",
    "ultimo_editor": 1,
    "modalidade": 3,
    "numero_edital": null,
    "sistema": null,
    "refer_sistema": null,
    "data_gco": "2021-08-19",
    "status": 2
  }
},
{
  "model": "processos.processocompra",
  "pk": 13,
  "fields": {
    "ativo": true,
    "criado_em": "2021-08-19T20:47:44.588Z",
    "criador": 1,
    "modificado_em": "2021-08-19T20:48:04.839Z",
    "ultimo_editor": 1,
    "modalidade": 2,
    "numero_edital": null,
    "sistema": null,
    "refer_sistema": null,
    "data_gco": "2021-08-19",
    "status": 2
  }
},
{
  "model": "processos.processocompra",
  "pk": 14,
  "fields": {
    "ativo": true,
    "criado_em": "2021-08-19T22:42:25.318Z",
    "criador": 1,
    "modificado_em": "2021-08-19T22:46:19.424Z",
    "ultimo_editor": 1,
    "modalidade": 4,
    "numero_edital": null,
    "sistema": null,
    "refer_sistema": null,
    "data_gco": "2021-07-28",
    "status": 3
  }
},
{
  "model": "processos.processocompra",
  "pk": 15,
  "fields": {
    "ativo": true,
    "criado_em": "2021-08-19T22:43:02.700Z",
    "criador": 1,
    "modificado_em": "2021-08-19T22:45:49.631Z",
    "ultimo_editor": 1,
    "modalidade": 4,
    "numero_edital": null,
    "sistema": null,
    "refer_sistema": null,
    "data_gco": "2021-07-23",
    "status": 3
  }
},
{
  "model": "empresa.diretoria",
  "pk": 1,
  "fields": {
    "ativo": true,
    "criado_em": "2021-06-21T19:52:55.482Z",
    "criador": 1,
    "modificado_em": "2021-06-21T19:52:55.482Z",
    "ultimo_editor": 1,
    "sigla": "DGE",
    "nome": "Diretoria de Gestão e de Relação com Investidores"
  }
},
{
  "model": "empresa.diretoria",
  "pk": 2,
  "fields": {
    "ativo": true,
    "criado_em": "2021-06-21T19:56:23.778Z",
    "criador": 1,
    "modificado_em": "2021-06-21T19:56:23.778Z",
    "ultimo_editor": 1,
    "sigla": "DCE",
    "nome": "Diretoria de Clientes e Eventos"
  }
},
{
  "model": "empresa.diretoria",
  "pk": 3,
  "fields": {
    "ativo": true,
    "criado_em": "2021-06-21T20:02:13.755Z",
    "criador": 1,
    "modificado_em": "2021-06-21T20:02:13.755Z",
    "ultimo_editor": 1,
    "sigla": "DNE",
    "nome": "Diretoria de Negócios"
  }
},
{
  "model": "empresa.diretoria",
  "pk": 4,
  "fields": {
    "ativo": true,
    "criado_em": "2021-06-21T20:03:40.560Z",
    "criador": 1,
    "modificado_em": "2021-06-21T20:03:40.560Z",
    "ultimo_editor": 1,
    "sigla": "DJC",
    "nome": "Diretoria Jurídica e de Conformidade"
  }
},
{
  "model": "empresa.diretoria",
  "pk": 5,
  "fields": {
    "ativo": true,
    "criado_em": "2021-06-21T20:07:57.430Z",
    "criador": 1,
    "modificado_em": "2021-06-21T20:07:57.430Z",
    "ultimo_editor": 1,
    "sigla": "CHG",
    "nome": "Chefia de Gabinete"
  }
},
{
  "model": "empresa.diretoria",
  "pk": 6,
  "fields": {
    "ativo": true,
    "criado_em": "2021-06-21T20:19:48.367Z",
    "criador": 1,
    "modificado_em": "2021-06-21T20:19:48.367Z",
    "ultimo_editor": 1,
    "sigla": "DPR",
    "nome": "Presidência"
  }
},
{
  "model": "empresa.diretoria",
  "pk": 7,
  "fields": {
    "ativo": true,
    "criado_em": "2021-06-21T20:21:06.976Z",
    "criador": 1,
    "modificado_em": "2021-06-21T20:21:06.976Z",
    "ultimo_editor": 1,
    "sigla": "DRE",
    "nome": "Diretoria de Representação dos Empregados"
  }
},
{
  "model": "empresa.diretoria",
  "pk": 8,
  "fields": {
    "ativo": true,
    "criado_em": "2021-06-21T20:21:35.637Z",
    "criador": 1,
    "modificado_em": "2021-06-21T20:21:35.637Z",
    "ultimo_editor": 1,
    "sigla": "DTR",
    "nome": "Diretoria de Turismo"
  }
},
{
  "model": "empresa.gerencia",
  "pk": 1,
  "fields": {
    "ativo": true,
    "criado_em": "2021-06-21T19:53:17.778Z",
    "criador": 1,
    "modificado_em": "2021-06-21T19:53:17.778Z",
    "ultimo_editor": 1,
    "sigla": "GCO",
    "nome": "Gerência Administrativa, de Compras e de Contratos"
  }
},
{
  "model": "empresa.gerencia",
  "pk": 2,
  "fields": {
    "ativo": true,
    "criado_em": "2021-06-21T19:54:48.351Z",
    "criador": 1,
    "modificado_em": "2021-06-21T19:54:48.351Z",
    "ultimo_editor": 1,
    "sigla": "GPC",
    "nome": "Gerência de Planejamento e Controle"
  }
},
{
  "model": "empresa.gerencia",
  "pk": 3,
  "fields": {
    "ativo": true,
    "criado_em": "2021-06-21T19:59:24.735Z",
    "criador": 1,
    "modificado_em": "2021-06-21T19:59:24.735Z",
    "ultimo_editor": 1,
    "sigla": "GEV",
    "nome": "Gerência de Eventos"
  }
},
{
  "model": "empresa.gerencia",
  "pk": 4,
  "fields": {
    "ativo": true,
    "criado_em": "2021-06-21T20:01:11.654Z",
    "criador": 1,
    "modificado_em": "2021-06-21T20:01:11.654Z",
    "ultimo_editor": 1,
    "sigla": "GPE",
    "nome": "Gerência de Produção de Eventos"
  }
},
{
  "model": "empresa.gerencia",
  "pk": 5,
  "fields": {
    "ativo": true,
    "criado_em": "2021-06-21T20:02:52.755Z",
    "criador": 1,
    "modificado_em": "2021-06-21T20:02:52.755Z",
    "ultimo_editor": 1,
    "sigla": "GEM",
    "nome": "Gerência de Manutenção"
  }
},
{
  "model": "empresa.gerencia",
  "pk": 6,
  "fields": {
    "ativo": true,
    "criado_em": "2021-06-21T20:04:24.445Z",
    "criador": 1,
    "modificado_em": "2021-06-21T20:04:24.445Z",
    "ultimo_editor": 1,
    "sigla": "GM",
    "nome": "Gerência de Mercado"
  }
},
{
  "model": "empresa.gerencia",
  "pk": 7,
  "fields": {
    "ativo": true,
    "criado_em": "2021-06-21T20:05:02.541Z",
    "criador": 1,
    "modificado_em": "2021-06-21T20:05:02.541Z",
    "ultimo_editor": 1,
    "sigla": "GDC",
    "nome": "Gerência de Controladoria"
  }
},
{
  "model": "empresa.gerencia",
  "pk": 8,
  "fields": {
    "ativo": true,
    "criado_em": "2021-06-21T20:05:54.431Z",
    "criador": 1,
    "modificado_em": "2021-06-21T20:05:54.431Z",
    "ultimo_editor": 1,
    "sigla": "GTI",
    "nome": "Gerência de Tecnologia da Informação"
  }
},
{
  "model": "empresa.gerencia",
  "pk": 9,
  "fields": {
    "ativo": true,
    "criado_em": "2021-06-21T20:07:10.294Z",
    "criador": 1,
    "modificado_em": "2021-06-21T20:07:10.294Z",
    "ultimo_editor": 1,
    "sigla": "AP",
    "nome": "Área de Pessoas"
  }
},
{
  "model": "empresa.gerencia",
  "pk": 10,
  "fields": {
    "ativo": true,
    "criado_em": "2021-06-21T20:09:09.687Z",
    "criador": 1,
    "modificado_em": "2021-06-21T20:09:09.687Z",
    "ultimo_editor": 1,
    "sigla": "GGR",
    "nome": "Gerência de Gestão de Riscos e Controles Internos"
  }
},
{
  "model": "empresa.gerencia",
  "pk": 11,
  "fields": {
    "ativo": true,
    "criado_em": "2021-06-21T20:10:00.689Z",
    "criador": 1,
    "modificado_em": "2021-06-21T20:10:00.689Z",
    "ultimo_editor": 1,
    "sigla": "GIN",
    "nome": "Gerência de Integridade"
  }
},
{
  "model": "empresa.gerencia",
  "pk": 12,
  "fields": {
    "ativo": true,
    "criado_em": "2021-06-21T20:10:47.783Z",
    "criador": 1,
    "modificado_em": "2021-06-21T20:10:47.783Z",
    "ultimo_editor": 1,
    "sigla": "GJU",
    "nome": "Gerência Jurídica"
  }
},
{
  "model": "empresa.gerencia",
  "pk": 13,
  "fields": {
    "ativo": true,
    "criado_em": "2021-06-21T20:16:39.451Z",
    "criador": 1,
    "modificado_em": "2021-06-21T20:16:39.451Z",
    "ultimo_editor": 1,
    "sigla": "GAE",
    "nome": "Gerência de Ações Estratégicas"
  }
},
{
  "model": "empresa.gerencia",
  "pk": 14,
  "fields": {
    "ativo": true,
    "criado_em": "2021-06-21T20:17:51.374Z",
    "criador": 1,
    "modificado_em": "2021-06-21T20:17:51.374Z",
    "ultimo_editor": 1,
    "sigla": "GOP",
    "nome": "Gerência de Operações"
  }
},
{
  "model": "empresa.gerencia",
  "pk": 15,
  "fields": {
    "ativo": true,
    "criado_em": "2021-06-21T20:18:46.012Z",
    "criador": 1,
    "modificado_em": "2021-06-21T20:18:46.012Z",
    "ultimo_editor": 1,
    "sigla": "GT",
    "nome": "Gerência de Terceirização"
  }
},
{
  "model": "empresa.gerencia",
  "pk": 16,
  "fields": {
    "ativo": true,
    "criado_em": "2021-06-21T20:20:26.429Z",
    "criador": 1,
    "modificado_em": "2021-06-21T20:20:26.429Z",
    "ultimo_editor": 1,
    "sigla": "GCM",
    "nome": "Gerência de Comunicação"
  }
},
{
  "model": "empresa.gerencia",
  "pk": 17,
  "fields": {
    "ativo": true,
    "criado_em": "2021-06-21T20:22:22.013Z",
    "criador": 1,
    "modificado_em": "2021-06-21T20:22:22.013Z",
    "ultimo_editor": 1,
    "sigla": "GDP",
    "nome": "Gerência de Pesquisa"
  }
},
{
  "model": "empresa.gerencia",
  "pk": 18,
  "fields": {
    "ativo": true,
    "criado_em": "2021-06-21T20:22:56.891Z",
    "criador": 1,
    "modificado_em": "2021-06-21T20:22:56.891Z",
    "ultimo_editor": 1,
    "sigla": "GTU",
    "nome": "Gerência de Turismo"
  }
},
{
  "model": "empresa.coordenadoria",
  "pk": 1,
  "fields": {
    "ativo": true,
    "criado_em": "2021-06-21T19:53:36.716Z",
    "criador": 1,
    "modificado_em": "2021-06-21T19:53:36.716Z",
    "ultimo_editor": 1,
    "sigla": "CCO",
    "nome": "Coordenadoria de Compras"
  }
},
{
  "model": "empresa.coordenadoria",
  "pk": 2,
  "fields": {
    "ativo": true,
    "criado_em": "2021-06-21T19:54:19.843Z",
    "criador": 1,
    "modificado_em": "2021-06-21T19:54:19.843Z",
    "ultimo_editor": 1,
    "sigla": "CCN",
    "nome": "Coordenadoria de Contratos"
  }
},
{
  "model": "empresa.coordenadoria",
  "pk": 3,
  "fields": {
    "ativo": true,
    "criado_em": "2021-06-21T20:11:23.397Z",
    "criador": 1,
    "modificado_em": "2021-06-21T20:11:23.397Z",
    "ultimo_editor": 1,
    "sigla": "CJL",
    "nome": "Coordenadoria Jurídica Licitações e Contratos Administrativos"
  }
},
{
  "model": "empresa.coordenadoria",
  "pk": 4,
  "fields": {
    "ativo": true,
    "criado_em": "2021-06-21T20:12:18.809Z",
    "criador": 1,
    "modificado_em": "2021-06-21T20:12:18.809Z",
    "ultimo_editor": 1,
    "sigla": "CJE",
    "nome": "Coordenadoria Jurídica Empresarial, Cível e Contenciosa"
  }
},
{
  "model": "empresa.coordenadoria",
  "pk": 5,
  "fields": {
    "ativo": true,
    "criado_em": "2021-06-21T20:13:14.880Z",
    "criador": 1,
    "modificado_em": "2021-06-21T20:13:14.880Z",
    "ultimo_editor": 1,
    "sigla": "CCT",
    "nome": "Coordenadoria de Contabilidade e Orçamento"
  }
},
{
  "model": "empresa.coordenadoria",
  "pk": 6,
  "fields": {
    "ativo": true,
    "criado_em": "2021-06-21T20:14:20.766Z",
    "criador": 1,
    "modificado_em": "2021-06-21T20:14:20.766Z",
    "ultimo_editor": 1,
    "sigla": "CAR",
    "nome": "Coordenadoria de Arrecadação"
  }
},
{
  "model": "empresa.coordenadoria",
  "pk": 7,
  "fields": {
    "ativo": true,
    "criado_em": "2021-06-21T20:15:04.363Z",
    "criador": 1,
    "modificado_em": "2021-06-21T20:15:04.363Z",
    "ultimo_editor": 1,
    "sigla": "CFI",
    "nome": "Coordenadoria de Finanças, Patrimônio e Custos"
  }
},
{
  "model": "empresa.coordenadoria",
  "pk": 8,
  "fields": {
    "ativo": true,
    "criado_em": "2021-06-21T20:15:57.433Z",
    "criador": 1,
    "modificado_em": "2021-06-21T20:15:57.433Z",
    "ultimo_editor": 1,
    "sigla": "CPC",
    "nome": "Coordenadoria de Planejamento e Controle"
  }
},
{
  "model": "empresa.coordenadoria",
  "pk": 9,
  "fields": {
    "ativo": true,
    "criado_em": "2021-06-21T20:17:20.701Z",
    "criador": 1,
    "modificado_em": "2021-06-21T20:17:20.701Z",
    "ultimo_editor": 1,
    "sigla": "CME",
    "nome": "Coordenadoria de Manutenção Elétrica"
  }
},
{
  "model": "empresa.coordenadoria",
  "pk": 10,
  "fields": {
    "ativo": true,
    "criado_em": "2021-08-19T15:01:21.656Z",
    "criador": 1,
    "modificado_em": "2021-08-19T15:01:21.656Z",
    "ultimo_editor": 1,
    "sigla": "CSE",
    "nome": "Coordenadoria de Serviços"
  }
},
{
  "model": "empresa.departamento",
  "pk": 1,
  "fields": {
    "ativo": true,
    "criado_em": "2021-06-21T19:53:40.561Z",
    "criador": 1,
    "modificado_em": "2021-06-21T19:53:40.561Z",
    "ultimo_editor": 1,
    "diretoria": 1,
    "gerencia": 1,
    "coordenadoria": 1
  }
},
{
  "model": "empresa.departamento",
  "pk": 2,
  "fields": {
    "ativo": true,
    "criado_em": "2021-06-21T19:53:53.304Z",
    "criador": 1,
    "modificado_em": "2021-06-21T19:53:53.304Z",
    "ultimo_editor": 1,
    "diretoria": 1,
    "gerencia": 1,
    "coordenadoria": null
  }
},
{
  "model": "empresa.departamento",
  "pk": 3,
  "fields": {
    "ativo": true,
    "criado_em": "2021-06-21T19:54:23.187Z",
    "criador": 1,
    "modificado_em": "2021-06-21T19:54:23.187Z",
    "ultimo_editor": 1,
    "diretoria": 1,
    "gerencia": 1,
    "coordenadoria": 2
  }
},
{
  "model": "empresa.departamento",
  "pk": 4,
  "fields": {
    "ativo": true,
    "criado_em": "2021-06-21T19:54:51.838Z",
    "criador": 1,
    "modificado_em": "2021-06-21T19:54:51.839Z",
    "ultimo_editor": 1,
    "diretoria": 1,
    "gerencia": 2,
    "coordenadoria": null
  }
},
{
  "model": "empresa.departamento",
  "pk": 5,
  "fields": {
    "ativo": true,
    "criado_em": "2021-06-21T19:56:28.417Z",
    "criador": 1,
    "modificado_em": "2021-06-21T19:56:28.417Z",
    "ultimo_editor": 1,
    "diretoria": 2,
    "gerencia": null,
    "coordenadoria": null
  }
},
{
  "model": "empresa.departamento",
  "pk": 6,
  "fields": {
    "ativo": true,
    "criado_em": "2021-06-21T19:56:41.592Z",
    "criador": 1,
    "modificado_em": "2021-06-21T19:56:41.592Z",
    "ultimo_editor": 1,
    "diretoria": 1,
    "gerencia": null,
    "coordenadoria": null
  }
},
{
  "model": "empresa.departamento",
  "pk": 7,
  "fields": {
    "ativo": true,
    "criado_em": "2021-06-21T19:59:29.142Z",
    "criador": 1,
    "modificado_em": "2021-06-21T19:59:29.142Z",
    "ultimo_editor": 1,
    "diretoria": 2,
    "gerencia": 3,
    "coordenadoria": null
  }
},
{
  "model": "empresa.departamento",
  "pk": 8,
  "fields": {
    "ativo": true,
    "criado_em": "2021-06-21T20:01:23.942Z",
    "criador": 1,
    "modificado_em": "2021-06-21T20:01:23.942Z",
    "ultimo_editor": 1,
    "diretoria": 2,
    "gerencia": 4,
    "coordenadoria": null
  }
},
{
  "model": "empresa.departamento",
  "pk": 9,
  "fields": {
    "ativo": true,
    "criado_em": "2021-06-21T20:02:16.737Z",
    "criador": 1,
    "modificado_em": "2021-06-21T20:02:16.737Z",
    "ultimo_editor": 1,
    "diretoria": 3,
    "gerencia": null,
    "coordenadoria": null
  }
},
{
  "model": "empresa.departamento",
  "pk": 10,
  "fields": {
    "ativo": true,
    "criado_em": "2021-06-21T20:03:04.279Z",
    "criador": 1,
    "modificado_em": "2021-06-21T20:03:04.279Z",
    "ultimo_editor": 1,
    "diretoria": 3,
    "gerencia": 5,
    "coordenadoria": null
  }
},
{
  "model": "empresa.departamento",
  "pk": 11,
  "fields": {
    "ativo": true,
    "criado_em": "2021-06-21T20:03:44.091Z",
    "criador": 1,
    "modificado_em": "2021-06-21T20:03:44.091Z",
    "ultimo_editor": 1,
    "diretoria": 4,
    "gerencia": null,
    "coordenadoria": null
  }
},
{
  "model": "empresa.departamento",
  "pk": 12,
  "fields": {
    "ativo": true,
    "criado_em": "2021-06-21T20:04:27.311Z",
    "criador": 1,
    "modificado_em": "2021-06-21T20:04:27.311Z",
    "ultimo_editor": 1,
    "diretoria": 3,
    "gerencia": 6,
    "coordenadoria": null
  }
},
{
  "model": "empresa.departamento",
  "pk": 13,
  "fields": {
    "ativo": true,
    "criado_em": "2021-06-21T20:05:05.593Z",
    "criador": 1,
    "modificado_em": "2021-06-21T20:05:05.593Z",
    "ultimo_editor": 1,
    "diretoria": 1,
    "gerencia": 7,
    "coordenadoria": null
  }
},
{
  "model": "empresa.departamento",
  "pk": 14,
  "fields": {
    "ativo": true,
    "criado_em": "2021-06-21T20:05:57.076Z",
    "criador": 1,
    "modificado_em": "2021-06-21T20:05:57.076Z",
    "ultimo_editor": 1,
    "diretoria": 1,
    "gerencia": 8,
    "coordenadoria": null
  }
},
{
  "model": "empresa.departamento",
  "pk": 15,
  "fields": {
    "ativo": true,
    "criado_em": "2021-06-21T20:07:12.669Z",
    "criador": 1,
    "modificado_em": "2021-06-21T20:07:12.669Z",
    "ultimo_editor": 1,
    "diretoria": 1,
    "gerencia": 9,
    "coordenadoria": null
  }
},
{
  "model": "empresa.departamento",
  "pk": 16,
  "fields": {
    "ativo": true,
    "criado_em": "2021-06-21T20:08:01.443Z",
    "criador": 1,
    "modificado_em": "2021-06-21T20:08:01.443Z",
    "ultimo_editor": 1,
    "diretoria": 5,
    "gerencia": null,
    "coordenadoria": null
  }
},
{
  "model": "empresa.departamento",
  "pk": 17,
  "fields": {
    "ativo": true,
    "criado_em": "2021-06-21T20:09:13.953Z",
    "criador": 1,
    "modificado_em": "2021-06-21T20:09:13.953Z",
    "ultimo_editor": 1,
    "diretoria": 4,
    "gerencia": 10,
    "coordenadoria": null
  }
},
{
  "model": "empresa.departamento",
  "pk": 18,
  "fields": {
    "ativo": true,
    "criado_em": "2021-06-21T20:10:02.977Z",
    "criador": 1,
    "modificado_em": "2021-06-21T20:10:02.977Z",
    "ultimo_editor": 1,
    "diretoria": 4,
    "gerencia": 11,
    "coordenadoria": null
  }
},
{
  "model": "empresa.departamento",
  "pk": 19,
  "fields": {
    "ativo": true,
    "criado_em": "2021-06-21T20:10:50.453Z",
    "criador": 1,
    "modificado_em": "2021-06-21T20:10:50.453Z",
    "ultimo_editor": 1,
    "diretoria": 4,
    "gerencia": 12,
    "coordenadoria": null
  }
},
{
  "model": "empresa.departamento",
  "pk": 20,
  "fields": {
    "ativo": true,
    "criado_em": "2021-06-21T20:11:26.057Z",
    "criador": 1,
    "modificado_em": "2021-06-21T20:11:26.057Z",
    "ultimo_editor": 1,
    "diretoria": 4,
    "gerencia": 12,
    "coordenadoria": 3
  }
},
{
  "model": "empresa.departamento",
  "pk": 21,
  "fields": {
    "ativo": true,
    "criado_em": "2021-06-21T20:12:21.471Z",
    "criador": 1,
    "modificado_em": "2021-06-21T20:12:21.471Z",
    "ultimo_editor": 1,
    "diretoria": 4,
    "gerencia": 12,
    "coordenadoria": 4
  }
},
{
  "model": "empresa.departamento",
  "pk": 22,
  "fields": {
    "ativo": true,
    "criado_em": "2021-06-21T20:13:17.521Z",
    "criador": 1,
    "modificado_em": "2021-06-21T20:13:17.521Z",
    "ultimo_editor": 1,
    "diretoria": 1,
    "gerencia": 7,
    "coordenadoria": 5
  }
},
{
  "model": "empresa.departamento",
  "pk": 23,
  "fields": {
    "ativo": true,
    "criado_em": "2021-06-21T20:14:23.162Z",
    "criador": 1,
    "modificado_em": "2021-06-21T20:14:23.162Z",
    "ultimo_editor": 1,
    "diretoria": 1,
    "gerencia": 7,
    "coordenadoria": 6
  }
},
{
  "model": "empresa.departamento",
  "pk": 24,
  "fields": {
    "ativo": true,
    "criado_em": "2021-06-21T20:15:22.198Z",
    "criador": 1,
    "modificado_em": "2021-06-21T20:15:22.198Z",
    "ultimo_editor": 1,
    "diretoria": 1,
    "gerencia": 7,
    "coordenadoria": 7
  }
},
{
  "model": "empresa.departamento",
  "pk": 25,
  "fields": {
    "ativo": true,
    "criado_em": "2021-06-21T20:15:59.454Z",
    "criador": 1,
    "modificado_em": "2021-06-21T20:15:59.454Z",
    "ultimo_editor": 1,
    "diretoria": 1,
    "gerencia": 2,
    "coordenadoria": 8
  }
},
{
  "model": "empresa.departamento",
  "pk": 26,
  "fields": {
    "ativo": true,
    "criado_em": "2021-06-21T20:16:41.543Z",
    "criador": 1,
    "modificado_em": "2021-06-21T20:16:41.543Z",
    "ultimo_editor": 1,
    "diretoria": 3,
    "gerencia": 13,
    "coordenadoria": null
  }
},
{
  "model": "empresa.departamento",
  "pk": 27,
  "fields": {
    "ativo": true,
    "criado_em": "2021-06-21T20:17:24.251Z",
    "criador": 1,
    "modificado_em": "2021-06-21T20:17:24.251Z",
    "ultimo_editor": 1,
    "diretoria": 3,
    "gerencia": 5,
    "coordenadoria": 9
  }
},
{
  "model": "empresa.departamento",
  "pk": 28,
  "fields": {
    "ativo": true,
    "criado_em": "2021-06-21T20:17:54.238Z",
    "criador": 1,
    "modificado_em": "2021-06-21T20:17:54.238Z",
    "ultimo_editor": 1,
    "diretoria": 3,
    "gerencia": 14,
    "coordenadoria": null
  }
},
{
  "model": "empresa.departamento",
  "pk": 29,
  "fields": {
    "ativo": true,
    "criado_em": "2021-06-21T20:18:48.690Z",
    "criador": 1,
    "modificado_em": "2021-06-21T20:18:48.690Z",
    "ultimo_editor": 1,
    "diretoria": 3,
    "gerencia": 15,
    "coordenadoria": null
  }
},
{
  "model": "empresa.departamento",
  "pk": 30,
  "fields": {
    "ativo": true,
    "criado_em": "2021-06-21T20:20:09.036Z",
    "criador": 1,
    "modificado_em": "2021-06-21T20:20:09.036Z",
    "ultimo_editor": 1,
    "diretoria": 6,
    "gerencia": null,
    "coordenadoria": null
  }
},
{
  "model": "empresa.departamento",
  "pk": 31,
  "fields": {
    "ativo": true,
    "criado_em": "2021-06-21T20:20:29.061Z",
    "criador": 1,
    "modificado_em": "2021-06-21T20:20:29.061Z",
    "ultimo_editor": 1,
    "diretoria": 6,
    "gerencia": 16,
    "coordenadoria": null
  }
},
{
  "model": "empresa.departamento",
  "pk": 32,
  "fields": {
    "ativo": true,
    "criado_em": "2021-06-21T20:21:11.276Z",
    "criador": 1,
    "modificado_em": "2021-06-21T20:21:11.276Z",
    "ultimo_editor": 1,
    "diretoria": 7,
    "gerencia": null,
    "coordenadoria": null
  }
},
{
  "model": "empresa.departamento",
  "pk": 33,
  "fields": {
    "ativo": true,
    "criado_em": "2021-06-21T20:21:38.789Z",
    "criador": 1,
    "modificado_em": "2021-06-21T20:21:38.789Z",
    "ultimo_editor": 1,
    "diretoria": 8,
    "gerencia": null,
    "coordenadoria": null
  }
},
{
  "model": "empresa.departamento",
  "pk": 34,
  "fields": {
    "ativo": true,
    "criado_em": "2021-06-21T20:22:24.889Z",
    "criador": 1,
    "modificado_em": "2021-06-21T20:22:24.889Z",
    "ultimo_editor": 1,
    "diretoria": 8,
    "gerencia": 17,
    "coordenadoria": null
  }
},
{
  "model": "empresa.departamento",
  "pk": 35,
  "fields": {
    "ativo": true,
    "criado_em": "2021-06-21T20:22:59.782Z",
    "criador": 1,
    "modificado_em": "2021-06-21T20:22:59.782Z",
    "ultimo_editor": 1,
    "diretoria": 8,
    "gerencia": 18,
    "coordenadoria": null
  }
},
{
  "model": "empresa.departamento",
  "pk": 36,
  "fields": {
    "ativo": true,
    "criado_em": "2021-08-19T15:01:23.268Z",
    "criador": 1,
    "modificado_em": "2021-08-19T15:01:23.268Z",
    "ultimo_editor": 1,
    "diretoria": 3,
    "gerencia": 15,
    "coordenadoria": 10
  }
},
{
  "model": "empresa.cargo",
  "pk": 1,
  "fields": {
    "ativo": true,
    "criado_em": "2021-06-21T20:30:32.059Z",
    "criador": 1,
    "modificado_em": "2021-08-19T20:19:17.417Z",
    "ultimo_editor": 1,
    "nome": "Chefe de Coordenadoria"
  }
},
{
  "model": "empresa.cargo",
  "pk": 2,
  "fields": {
    "ativo": true,
    "criado_em": "2021-06-21T20:31:13.375Z",
    "criador": 1,
    "modificado_em": "2021-06-21T20:31:13.375Z",
    "ultimo_editor": 1,
    "nome": "Analista Administrativo - Compras e Contratos"
  }
},
{
  "model": "empresa.cargo",
  "pk": 4,
  "fields": {
    "ativo": true,
    "criado_em": "2021-06-21T20:32:26.398Z",
    "criador": 1,
    "modificado_em": "2021-06-21T20:32:26.398Z",
    "ultimo_editor": 1,
    "nome": "Secretária"
  }
},
{
  "model": "empresa.cargo",
  "pk": 6,
  "fields": {
    "ativo": true,
    "criado_em": "2021-08-19T20:19:29.330Z",
    "criador": 1,
    "modificado_em": "2021-08-19T20:19:29.330Z",
    "ultimo_editor": 1,
    "nome": "Gerente"
  }
},
{
  "model": "empresa.cargo",
  "pk": 7,
  "fields": {
    "ativo": true,
    "criado_em": "2021-08-19T22:39:15.695Z",
    "criador": 1,
    "modificado_em": "2021-08-19T22:39:15.695Z",
    "ultimo_editor": 1,
    "nome": "Advogado"
  }
},
{
  "model": "empresa.funcionario",
  "pk": 1,
  "fields": {
    "ativo": true,
    "criado_em": "2021-06-21T20:30:39.124Z",
    "criador": 1,
    "modificado_em": "2021-06-21T20:30:39.124Z",
    "ultimo_editor": 1,
    "departamento": 1,
    "cargo": 1
  }
},
{
  "model": "empresa.funcionario",
  "pk": 2,
  "fields": {
    "ativo": true,
    "criado_em": "2021-06-21T20:31:54.221Z",
    "criador": 1,
    "modificado_em": "2021-08-19T20:18:52.975Z",
    "ultimo_editor": 1,
    "departamento": 25,
    "cargo": 1
  }
},
{
  "model": "empresa.funcionario",
  "pk": 3,
  "fields": {
    "ativo": true,
    "criado_em": "2021-06-21T20:31:15.664Z",
    "criador": 1,
    "modificado_em": "2021-06-21T20:31:15.664Z",
    "ultimo_editor": 1,
    "departamento": 1,
    "cargo": 2
  }
},
{
  "model": "empresa.funcionario",
  "pk": 5,
  "fields": {
    "ativo": true,
    "criado_em": "2021-06-21T20:32:28.657Z",
    "criador": 1,
    "modificado_em": "2021-06-21T20:32:28.657Z",
    "ultimo_editor": 1,
    "departamento": 2,
    "cargo": 4
  }
},
{
  "model": "empresa.funcionario",
  "pk": 7,
  "fields": {
    "ativo": true,
    "criado_em": "2021-08-19T15:01:44.670Z",
    "criador": 1,
    "modificado_em": "2021-08-19T20:18:43.756Z",
    "ultimo_editor": 1,
    "departamento": 36,
    "cargo": 1
  }
},
{
  "model": "empresa.funcionario",
  "pk": 8,
  "fields": {
    "ativo": true,
    "criado_em": "2021-08-19T20:18:15.076Z",
    "criador": 1,
    "modificado_em": "2021-08-19T20:18:15.076Z",
    "ultimo_editor": 1,
    "departamento": 27,
    "cargo": 1
  }
},
{
  "model": "empresa.funcionario",
  "pk": 9,
  "fields": {
    "ativo": true,
    "criado_em": "2021-08-19T20:41:10.143Z",
    "criador": 1,
    "modificado_em": "2021-08-19T20:41:10.143Z",
    "ultimo_editor": 1,
    "departamento": 2,
    "cargo": 2
  }
},
{
  "model": "empresa.funcionario",
  "pk": 10,
  "fields": {
    "ativo": true,
    "criado_em": "2021-08-19T20:42:03.298Z",
    "criador": 1,
    "modificado_em": "2021-08-19T20:42:03.298Z",
    "ultimo_editor": 1,
    "departamento": 2,
    "cargo": 6
  }
},
{
  "model": "empresa.funcionario",
  "pk": 11,
  "fields": {
    "ativo": true,
    "criado_em": "2021-08-19T22:39:16.768Z",
    "criador": 1,
    "modificado_em": "2021-08-19T22:39:16.768Z",
    "ultimo_editor": 1,
    "departamento": 20,
    "cargo": 7
  }
},
{
  "model": "empresa.funcionario",
  "pk": 12,
  "fields": {
    "ativo": true,
    "criado_em": "2021-08-19T22:40:49.624Z",
    "criador": 1,
    "modificado_em": "2021-08-19T22:40:49.624Z",
    "ultimo_editor": 1,
    "departamento": 15,
    "cargo": 1
  }
},
{
  "model": "empresa.centrocusto",
  "pk": 1,
  "fields": {
    "ativo": true,
    "criado_em": "2021-06-21T20:35:36.667Z",
    "criador": 1,
    "modificado_em": "2021-08-17T20:24:46.009Z",
    "ultimo_editor": 1,
    "codigo": "20201001",
    "descricao": "Eventos",
    "area": [
      25,
      4,
      7,
      8,
      5,
      35,
      33
    ]
  }
},
{
  "model": "empresa.centrocusto",
  "pk": 2,
  "fields": {
    "ativo": true,
    "criado_em": "2021-08-17T20:24:34.139Z",
    "criador": 1,
    "modificado_em": "2021-08-17T20:24:34.139Z",
    "ultimo_editor": 1,
    "codigo": "10103001",
    "descricao": "Gerência de Comunicação",
    "area": [
      31
    ]
  }
},
{
  "model": "empresa.centrocusto",
  "pk": 3,
  "fields": {
    "ativo": true,
    "criado_em": "2021-08-19T15:02:24.374Z",
    "criador": 1,
    "modificado_em": "2021-08-19T15:02:24.374Z",
    "ultimo_editor": 1,
    "codigo": "10406003",
    "descricao": "Coordenadoria de Serviços",
    "area": [
      36
    ]
  }
},
{
  "model": "empresa.centrocusto",
  "pk": 4,
  "fields": {
    "ativo": true,
    "criado_em": "2021-08-19T20:20:05.292Z",
    "criador": 1,
    "modificado_em": "2021-08-19T20:20:05.292Z",
    "ultimo_editor": 1,
    "codigo": "10403001",
    "descricao": "Gerência de Manutenção",
    "area": [
      10
    ]
  }
},
{
  "model": "empresa.centrocusto",
  "pk": 5,
  "fields": {
    "ativo": true,
    "criado_em": "2021-08-19T20:43:14.053Z",
    "criador": 1,
    "modificado_em": "2021-08-19T20:43:14.053Z",
    "ultimo_editor": 1,
    "codigo": "10305001",
    "descricao": "Gerência de Compras e Contratos",
    "area": [
      2
    ]
  }
},
{
  "model": "empresa.centrocusto",
  "pk": 6,
  "fields": {
    "ativo": true,
    "criado_em": "2021-08-19T22:26:45.204Z",
    "criador": 1,
    "modificado_em": "2021-08-19T22:26:45.204Z",
    "ultimo_editor": 1,
    "codigo": "10302001",
    "descricao": "Área de Pessoas",
    "area": [
      15
    ]
  }
},
{
  "model": "empresa.centrocusto",
  "pk": 7,
  "fields": {
    "ativo": true,
    "criado_em": "2021-08-19T22:30:52.449Z",
    "criador": 1,
    "modificado_em": "2021-08-19T22:30:52.449Z",
    "ultimo_editor": 1,
    "codigo": "14004002",
    "descricao": "Coordenadoria Jurídica, Licitações e Contratos Administrativos",
    "area": [
      20
    ]
  }
},
{
  "model": "empresa.contacontabil",
  "pk": 1,
  "fields": {
    "ativo": true,
    "criado_em": "2021-06-21T20:36:23.275Z",
    "criador": 1,
    "modificado_em": "2021-06-21T20:36:23.275Z",
    "ultimo_editor": 1,
    "codigo": "304010201",
    "descricao": "Custos com serviços prestados"
  }
},
{
  "model": "empresa.contacontabil",
  "pk": 2,
  "fields": {
    "ativo": true,
    "criado_em": "2021-08-17T20:25:08.891Z",
    "criador": 1,
    "modificado_em": "2021-08-17T20:25:08.891Z",
    "ultimo_editor": 1,
    "codigo": "305030411",
    "descricao": "Consultoria e Assessoria"
  }
},
{
  "model": "empresa.contacontabil",
  "pk": 3,
  "fields": {
    "ativo": true,
    "criado_em": "2021-08-19T15:02:57.723Z",
    "criador": 1,
    "modificado_em": "2021-08-19T15:02:57.723Z",
    "ultimo_editor": 1,
    "codigo": "305030308",
    "descricao": "Manutenção de Veículos"
  }
},
{
  "model": "empresa.contacontabil",
  "pk": 4,
  "fields": {
    "ativo": true,
    "criado_em": "2021-08-19T20:20:31.562Z",
    "criador": 1,
    "modificado_em": "2021-08-19T20:20:31.562Z",
    "ultimo_editor": 1,
    "codigo": "305030306",
    "descricao": "Manutenção de Equipamentos"
  }
},
{
  "model": "empresa.contacontabil",
  "pk": 5,
  "fields": {
    "ativo": true,
    "criado_em": "2021-08-19T20:43:39.863Z",
    "criador": 1,
    "modificado_em": "2021-08-19T20:43:39.863Z",
    "ultimo_editor": 1,
    "codigo": "101050101",
    "descricao": "Almoxarifado - Materiais de Consumo"
  }
},
{
  "model": "empresa.contacontabil",
  "pk": 6,
  "fields": {
    "ativo": true,
    "criado_em": "2021-08-19T22:26:12.584Z",
    "criador": 1,
    "modificado_em": "2021-08-19T22:26:12.584Z",
    "ultimo_editor": 1,
    "codigo": "305010309",
    "descricao": "Treinamentos, Cursos e Aperfeiçoamentos Técnicos"
  }
},
{
  "model": "empresa.pessoa",
  "pk": 2,
  "fields": {
    "ativo": true,
    "criado_em": "2021-06-28T03:22:40.933Z",
    "criador": 1,
    "modificado_em": "2021-06-28T03:22:40.959Z",
    "ultimo_editor": 1,
    "tipo": "PJ",
    "nome": "Segmax Comércio e Equipamentos de Segurança e Serviços de Tecnologia Eireli",
    "insc_mun": null,
    "cliente": false,
    "fornecedor": true,
    "logradouro": "Avenida Doutor Timóteo Penteado",
    "ender_num": "2832",
    "ender_compl": null,
    "bairro": "Vila São Judas Tadeu",
    "cidade": "Guarulhos",
    "estado": "SP",
    "pais": "Brasil",
    "cep": "07061-000"
  }
},
{
  "model": "empresa.pessoa",
  "pk": 3,
  "fields": {
    "ativo": true,
    "criado_em": "2021-07-06T16:21:41.807Z",
    "criador": 1,
    "modificado_em": "2021-07-06T16:21:41.842Z",
    "ultimo_editor": 1,
    "tipo": "PJ",
    "nome": "Brasitur Eventos e Turismo LTDA",
    "insc_mun": "0773879100168",
    "cliente": false,
    "fornecedor": true,
    "logradouro": "Quadra QS 3",
    "ender_num": "03",
    "ender_compl": null,
    "bairro": "Areal (Águas Claras)",
    "cidade": "Brasília",
    "estado": "DF",
    "pais": "Brasil",
    "cep": "71953-000"
  }
},
{
  "model": "empresa.pessoa",
  "pk": 4,
  "fields": {
    "ativo": true,
    "criado_em": "2021-07-06T17:03:22.492Z",
    "criador": 1,
    "modificado_em": "2021-07-06T17:03:22.523Z",
    "ultimo_editor": 1,
    "tipo": "PJ",
    "nome": "Alpharadius Comunicação Ltda - EPP",
    "insc_mun": "4.257.394-7",
    "cliente": false,
    "fornecedor": true,
    "logradouro": "Rua Vicente Soares da Costa",
    "ender_num": "261",
    "ender_compl": null,
    "bairro": "Jardim Primavera (Zona Norte)",
    "cidade": "São Paulo",
    "estado": "SP",
    "pais": "Brasil",
    "cep": "02755-000"
  }
},
{
  "model": "empresa.pessoa",
  "pk": 5,
  "fields": {
    "ativo": true,
    "criado_em": "2021-08-17T20:17:32.194Z",
    "criador": 1,
    "modificado_em": "2021-08-17T20:17:32.224Z",
    "ultimo_editor": 1,
    "tipo": "PJ",
    "nome": "Cenius Eventos e Serviços Ltda",
    "insc_mun": "155920",
    "cliente": false,
    "fornecedor": true,
    "logradouro": "Avenida Portugal",
    "ender_num": "141",
    "ender_compl": "cj. 52/53",
    "bairro": "Centro",
    "cidade": "Santo André",
    "estado": "SP",
    "pais": "Brasil",
    "cep": "09040-010"
  }
},
{
  "model": "empresa.pessoa",
  "pk": 6,
  "fields": {
    "ativo": true,
    "criado_em": "2021-08-19T22:50:19.417Z",
    "criador": 1,
    "modificado_em": "2021-08-19T22:50:19.464Z",
    "ultimo_editor": 1,
    "tipo": "PJ",
    "nome": "Agência Race de Comunicação e Marketing Ltda",
    "insc_mun": "3.405.791-9",
    "cliente": false,
    "fornecedor": true,
    "logradouro": "Rua Vergueiro",
    "ender_num": "1353",
    "ender_compl": "cj. 1208 a 1211",
    "bairro": "Vila Mariana",
    "cidade": "São Paulo",
    "estado": "SP",
    "pais": "Brasil",
    "cep": "04101-000"
  }
},
{
  "model": "empresa.pessoa",
  "pk": 7,
  "fields": {
    "ativo": true,
    "criado_em": "2021-08-19T23:12:11.854Z",
    "criador": 1,
    "modificado_em": "2021-08-19T23:12:11.886Z",
    "ultimo_editor": 1,
    "tipo": "PJ",
    "nome": "Zenite Informação e Consultoria S/A",
    "insc_mun": "287652-2",
    "cliente": false,
    "fornecedor": true,
    "logradouro": "Avenida Sete de Setembro",
    "ender_num": "4698",
    "ender_compl": "3º andar",
    "bairro": "Batel",
    "cidade": "Curitiba",
    "estado": "PR",
    "pais": "Brasil",
    "cep": "80240-000"
  }
},
{
  "model": "empresa.pessoajuridica",
  "pk": 6,
  "fields": {
    "cnpj": "03.160.832/0001-63",
    "insc_est": "Isento",
    "nome_fantasia": "Race Comunicação"
  }
},
{
  "model": "empresa.pessoajuridica",
  "pk": 4,
  "fields": {
    "cnpj": "06.235.606/0001-92",
    "insc_est": "147.907.226.119",
    "nome_fantasia": "Alpharadius"
  }
},
{
  "model": "empresa.pessoajuridica",
  "pk": 3,
  "fields": {
    "cnpj": "23.361.387/0001-07",
    "insc_est": null,
    "nome_fantasia": "Brasitur"
  }
},
{
  "model": "empresa.pessoajuridica",
  "pk": 5,
  "fields": {
    "cnpj": "01.998.124/0001-70",
    "insc_est": "626.744.642.110",
    "nome_fantasia": "Cenius"
  }
},
{
  "model": "empresa.pessoajuridica",
  "pk": 2,
  "fields": {
    "cnpj": "16.917.372/0001-17",
    "insc_est": null,
    "nome_fantasia": "Segmax"
  }
},
{
  "model": "empresa.pessoajuridica",
  "pk": 7,
  "fields": {
    "cnpj": "86.781.069/0001-15",
    "insc_est": "10198056-18",
    "nome_fantasia": "Zenite"
  }
},
{
  "model": "empresa.contato",
  "pk": 1,
  "fields": {
    "ativo": true,
    "criado_em": "2021-06-28T03:22:40.942Z",
    "criador": 1,
    "modificado_em": "2021-06-28T03:22:40.942Z",
    "ultimo_editor": 1,
    "pessoa": 2,
    "tipo": "Email",
    "contato": "luciana@segmaxepi.com.br",
    "responsavel": "Luciana",
    "padrao": false
  }
},
{
  "model": "empresa.contato",
  "pk": 2,
  "fields": {
    "ativo": true,
    "criado_em": "2021-06-28T03:22:40.948Z",
    "criador": 1,
    "modificado_em": "2021-06-28T03:22:40.948Z",
    "ultimo_editor": 1,
    "pessoa": 2,
    "tipo": "Telefone",
    "contato": "(11) 2086-4440",
    "responsavel": null,
    "padrao": false
  }
},
{
  "model": "empresa.contato",
  "pk": 3,
  "fields": {
    "ativo": true,
    "criado_em": "2021-07-06T16:21:41.817Z",
    "criador": 1,
    "modificado_em": "2021-07-06T16:21:41.817Z",
    "ultimo_editor": 1,
    "pessoa": 3,
    "tipo": "Telefone",
    "contato": "(61) 3877-1790",
    "responsavel": null,
    "padrao": false
  }
},
{
  "model": "empresa.contato",
  "pk": 4,
  "fields": {
    "ativo": true,
    "criado_em": "2021-07-06T16:21:41.822Z",
    "criador": 1,
    "modificado_em": "2021-07-06T16:21:41.822Z",
    "ultimo_editor": 1,
    "pessoa": 3,
    "tipo": "Email",
    "contato": "comercial@brasitur.com.br",
    "responsavel": null,
    "padrao": false
  }
},
{
  "model": "empresa.contato",
  "pk": 5,
  "fields": {
    "ativo": true,
    "criado_em": "2021-07-06T16:21:41.827Z",
    "criador": 1,
    "modificado_em": "2021-07-06T16:21:41.827Z",
    "ultimo_editor": 1,
    "pessoa": 3,
    "tipo": "Email",
    "contato": "eventos@brasitur.com.br",
    "responsavel": null,
    "padrao": false
  }
},
{
  "model": "empresa.contato",
  "pk": 6,
  "fields": {
    "ativo": true,
    "criado_em": "2021-07-06T16:21:41.832Z",
    "criador": 1,
    "modificado_em": "2021-07-06T16:21:41.832Z",
    "ultimo_editor": 1,
    "pessoa": 3,
    "tipo": "Telefone",
    "contato": "(61) 99926-8081",
    "responsavel": null,
    "padrao": false
  }
},
{
  "model": "empresa.contato",
  "pk": 7,
  "fields": {
    "ativo": true,
    "criado_em": "2021-07-06T17:03:22.501Z",
    "criador": 1,
    "modificado_em": "2021-07-06T17:03:22.501Z",
    "ultimo_editor": 1,
    "pessoa": 4,
    "tipo": "Telefone",
    "contato": "(11) 3857-7327",
    "responsavel": "Rodrigo",
    "padrao": false
  }
},
{
  "model": "empresa.contato",
  "pk": 8,
  "fields": {
    "ativo": true,
    "criado_em": "2021-07-06T17:03:22.507Z",
    "criador": 1,
    "modificado_em": "2021-07-06T17:03:22.507Z",
    "ultimo_editor": 1,
    "pessoa": 4,
    "tipo": "Email",
    "contato": "rodrigo@alpharadius.com.br",
    "responsavel": null,
    "padrao": false
  }
},
{
  "model": "empresa.contato",
  "pk": 9,
  "fields": {
    "ativo": true,
    "criado_em": "2021-07-06T17:03:22.511Z",
    "criador": 1,
    "modificado_em": "2021-07-06T17:03:22.512Z",
    "ultimo_editor": 1,
    "pessoa": 4,
    "tipo": "Email",
    "contato": "alpharadius@alpharadius.com.b",
    "responsavel": null,
    "padrao": false
  }
},
{
  "model": "empresa.contato",
  "pk": 10,
  "fields": {
    "ativo": true,
    "criado_em": "2021-08-17T20:17:32.204Z",
    "criador": 1,
    "modificado_em": "2021-08-17T20:17:32.204Z",
    "ultimo_editor": 1,
    "pessoa": 5,
    "tipo": "Email",
    "contato": "cenius@cenius.com.br",
    "responsavel": null,
    "padrao": false
  }
},
{
  "model": "empresa.contato",
  "pk": 11,
  "fields": {
    "ativo": true,
    "criado_em": "2021-08-17T20:17:32.211Z",
    "criador": 1,
    "modificado_em": "2021-08-17T20:17:32.212Z",
    "ultimo_editor": 1,
    "pessoa": 5,
    "tipo": "Telefone",
    "contato": "(11)2325-0993",
    "responsavel": "Ricardo Mendes Campos",
    "padrao": false
  }
},
{
  "model": "empresa.contato",
  "pk": 12,
  "fields": {
    "ativo": true,
    "criado_em": "2021-08-19T22:50:19.431Z",
    "criador": 1,
    "modificado_em": "2021-08-19T22:50:19.431Z",
    "ultimo_editor": 1,
    "pessoa": 6,
    "tipo": "Telefone",
    "contato": "(11)2894-5607",
    "responsavel": "Rogério Artoni",
    "padrao": false
  }
},
{
  "model": "empresa.contato",
  "pk": 13,
  "fields": {
    "ativo": true,
    "criado_em": "2021-08-19T22:50:19.440Z",
    "criador": 1,
    "modificado_em": "2021-08-19T22:50:19.440Z",
    "ultimo_editor": 1,
    "pessoa": 6,
    "tipo": "Email",
    "contato": "rogerioartoni@agenciarace.com.br",
    "responsavel": null,
    "padrao": false
  }
},
{
  "model": "empresa.contato",
  "pk": 14,
  "fields": {
    "ativo": true,
    "criado_em": "2021-08-19T22:50:19.448Z",
    "criador": 1,
    "modificado_em": "2021-08-19T22:50:19.448Z",
    "ultimo_editor": 1,
    "pessoa": 6,
    "tipo": "Email",
    "contato": "rosangelaartoni@agenciarace.com.br",
    "responsavel": null,
    "padrao": false
  }
},
{
  "model": "empresa.contato",
  "pk": 15,
  "fields": {
    "ativo": true,
    "criado_em": "2021-08-19T23:12:11.863Z",
    "criador": 1,
    "modificado_em": "2021-08-19T23:12:11.864Z",
    "ultimo_editor": 1,
    "pessoa": 7,
    "tipo": "Telefone",
    "contato": "(41)2109-8646",
    "responsavel": "Marcio Ferreira'",
    "padrao": false
  }
},
{
  "model": "empresa.contato",
  "pk": 16,
  "fields": {
    "ativo": true,
    "criado_em": "2021-08-19T23:12:11.871Z",
    "criador": 1,
    "modificado_em": "2021-08-19T23:12:11.871Z",
    "ultimo_editor": 1,
    "pessoa": 7,
    "tipo": "Email",
    "contato": "marcio.ferreira@zenite.com.br",
    "responsavel": null,
    "padrao": false
  }
},
{
  "model": "contratos.contratocompra",
  "pk": 5,
  "fields": {
    "ativo": true,
    "criado_em": "2021-08-16T23:29:13.087Z",
    "criador": 1,
    "modificado_em": "2021-08-16T23:29:52.918Z",
    "ultimo_editor": 1,
    "processo": 8,
    "tipo": "CCN",
    "subtipo": null,
    "numero": 1,
    "numero_format_ano": "0001/2021",
    "fornecedor": 3,
    "status": null,
    "data_assinatura": "2021-08-16"
  }
},
{
  "model": "contratos.contratocompra",
  "pk": 6,
  "fields": {
    "ativo": true,
    "criado_em": "2021-08-17T20:18:29.465Z",
    "criador": 1,
    "modificado_em": "2021-08-17T20:18:29.465Z",
    "ultimo_editor": 1,
    "processo": 9,
    "tipo": "CCO",
    "subtipo": null,
    "numero": 118,
    "numero_format_ano": "0118/2021",
    "fornecedor": 5,
    "status": null,
    "data_assinatura": "2021-07-26"
  }
},
{
  "model": "contratos.contratocompra",
  "pk": 7,
  "fields": {
    "ativo": true,
    "criado_em": "2021-08-19T23:14:53.738Z",
    "criador": 1,
    "modificado_em": "2021-08-19T23:16:30.872Z",
    "ultimo_editor": 1,
    "processo": 14,
    "tipo": "CCO",
    "subtipo": "AS",
    "numero": 123,
    "numero_format_ano": "0123/2021",
    "fornecedor": 7,
    "status": null,
    "data_assinatura": "2021-08-02"
  }
},
{
  "model": "contratos.contratocompra",
  "pk": 8,
  "fields": {
    "ativo": true,
    "criado_em": "2021-08-19T23:18:37.364Z",
    "criador": 1,
    "modificado_em": "2021-08-19T23:18:50.411Z",
    "ultimo_editor": 1,
    "processo": 15,
    "tipo": "CCO",
    "subtipo": "AS",
    "numero": 125,
    "numero_format_ano": "0125/2021",
    "fornecedor": 6,
    "status": null,
    "data_assinatura": "2021-08-16"
  }
},
{
  "model": "contratos.revisaocontratocompra",
  "pk": 1,
  "fields": {
    "ativo": true,
    "criado_em": "2021-08-16T23:29:13.103Z",
    "criador": 1,
    "modificado_em": "2021-08-16T23:29:29.665Z",
    "ultimo_editor": 1,
    "contrato": 5,
    "numero_aditamento": null,
    "nome_simplificado": null,
    "objeto": "Contratação de serviço de atendimento médico por meio de ambulâncias do tipo remoção e UTI em atendimento a diversos eventos pelo período de 12 meses",
    "ordem": 0,
    "motivo": null,
    "data_assinatura": "2021-08-16",
    "data_ini": "2021-08-16",
    "data_fim": "2022-08-15",
    "valor_total": "3735375.000000",
    "area": null,
    "gestor": null,
    "fiscal": null,
    "is_vigente": false,
    "cod_protheus": null,
    "data_protheus": null
  }
},
{
  "model": "contratos.revisaocontratocompra",
  "pk": 2,
  "fields": {
    "ativo": true,
    "criado_em": "2021-08-16T23:29:40.848Z",
    "criador": 1,
    "modificado_em": "2021-08-16T23:29:53.012Z",
    "ultimo_editor": 1,
    "contrato": 5,
    "numero_aditamento": 1,
    "nome_simplificado": null,
    "objeto": "Contratação de serviço de atendimento médico por meio de ambulâncias do tipo remoção e UTI em atendimento a diversos eventos pelo período de 12 meses",
    "ordem": 1,
    "motivo": null,
    "data_assinatura": "2021-08-17",
    "data_ini": "2021-08-16",
    "data_fim": "2022-08-15",
    "valor_total": "5745375.000000",
    "area": null,
    "gestor": null,
    "fiscal": null,
    "is_vigente": true,
    "cod_protheus": null,
    "data_protheus": null
  }
},
{
  "model": "contratos.revisaocontratocompra",
  "pk": 3,
  "fields": {
    "ativo": true,
    "criado_em": "2021-08-17T20:18:29.479Z",
    "criador": 1,
    "modificado_em": "2021-08-17T20:18:29.527Z",
    "ultimo_editor": 1,
    "contrato": 6,
    "numero_aditamento": null,
    "nome_simplificado": null,
    "objeto": "Contratação de serviço de fornecimento de mão de obra especializada para armazenamento, transporte, montagem e desmontagem de estruturas no Elevado João Goulart (Minhocão) pelo período de 30 dias",
    "ordem": 0,
    "motivo": null,
    "data_assinatura": "2021-07-26",
    "data_ini": "2021-07-30",
    "data_fim": "2021-08-29",
    "valor_total": "49700.000000",
    "area": null,
    "gestor": null,
    "fiscal": null,
    "is_vigente": true,
    "cod_protheus": null,
    "data_protheus": null
  }
},
{
  "model": "contratos.revisaocontratocompra",
  "pk": 4,
  "fields": {
    "ativo": true,
    "criado_em": "2021-08-19T23:14:53.749Z",
    "criador": 1,
    "modificado_em": "2021-08-19T23:14:53.789Z",
    "ultimo_editor": 1,
    "contrato": 7,
    "numero_aditamento": null,
    "nome_simplificado": null,
    "objeto": "Contratação de treinamento \"As Contratações das Estatais em Foco\"",
    "ordem": 0,
    "motivo": null,
    "data_assinatura": "2021-08-02",
    "data_ini": "2021-08-16",
    "data_fim": "2021-08-20",
    "valor_total": "5602.800000",
    "area": null,
    "gestor": null,
    "fiscal": null,
    "is_vigente": true,
    "cod_protheus": null,
    "data_protheus": null
  }
},
{
  "model": "contratos.revisaocontratocompra",
  "pk": 5,
  "fields": {
    "ativo": true,
    "criado_em": "2021-08-19T23:18:37.375Z",
    "criador": 1,
    "modificado_em": "2021-08-19T23:18:37.416Z",
    "ultimo_editor": 1,
    "contrato": 8,
    "numero_aditamento": null,
    "nome_simplificado": null,
    "objeto": "Contratação de curso de media training para a diretoria executiva, chefe de gabinete e gerente de comunicação",
    "ordem": 0,
    "motivo": null,
    "data_assinatura": "2021-08-16",
    "data_ini": "2021-08-16",
    "data_fim": "2021-11-15",
    "valor_total": "18000.000000",
    "area": null,
    "gestor": null,
    "fiscal": null,
    "is_vigente": true,
    "cod_protheus": null,
    "data_protheus": null
  }
},
{
  "model": "contratos.itemcontratocompra",
  "pk": 5,
  "fields": {
    "ativo": true,
    "criado_em": "2021-08-16T23:29:13.138Z",
    "criador": 1,
    "modificado_em": "2021-08-16T23:29:29.632Z",
    "ultimo_editor": 1,
    "revisao": 1,
    "ord_item": 1,
    "produto": 16,
    "descricao": null,
    "quantidade": "600.000000",
    "diaria": null,
    "valor_unit": "3350.000000",
    "valor_total": "2010000.000000",
    "saldo_fis": "600.000000",
    "saldo_fin": null
  }
},
{
  "model": "contratos.itemcontratocompra",
  "pk": 6,
  "fields": {
    "ativo": true,
    "criado_em": "2021-08-16T23:29:13.149Z",
    "criador": 1,
    "modificado_em": "2021-08-16T23:29:29.648Z",
    "ultimo_editor": 1,
    "revisao": 1,
    "ord_item": 2,
    "produto": 15,
    "descricao": null,
    "quantidade": "1500.000000",
    "diaria": null,
    "valor_unit": "1150.250000",
    "valor_total": "1725375.000000",
    "saldo_fis": "1500.000000",
    "saldo_fin": null
  }
},
{
  "model": "contratos.itemcontratocompra",
  "pk": 7,
  "fields": {
    "ativo": true,
    "criado_em": "2021-08-16T23:29:40.864Z",
    "criador": 1,
    "modificado_em": "2021-08-16T23:29:52.981Z",
    "ultimo_editor": 1,
    "revisao": 2,
    "ord_item": 1,
    "produto": 16,
    "descricao": null,
    "quantidade": "1200.000000",
    "diaria": null,
    "valor_unit": "3350.000000",
    "valor_total": "4020000.000000",
    "saldo_fis": "1200.000000",
    "saldo_fin": null
  }
},
{
  "model": "contratos.itemcontratocompra",
  "pk": 8,
  "fields": {
    "ativo": true,
    "criado_em": "2021-08-16T23:29:40.876Z",
    "criador": 1,
    "modificado_em": "2021-08-16T23:29:52.998Z",
    "ultimo_editor": 1,
    "revisao": 2,
    "ord_item": 2,
    "produto": 15,
    "descricao": null,
    "quantidade": "1500.000000",
    "diaria": null,
    "valor_unit": "1150.250000",
    "valor_total": "1725375.000000",
    "saldo_fis": "1500.000000",
    "saldo_fin": null
  }
},
{
  "model": "contratos.itemcontratocompra",
  "pk": 9,
  "fields": {
    "ativo": true,
    "criado_em": "2021-08-17T20:18:29.509Z",
    "criador": 1,
    "modificado_em": "2021-08-17T20:18:29.509Z",
    "ultimo_editor": 1,
    "revisao": 3,
    "ord_item": 1,
    "produto": 26,
    "descricao": null,
    "quantidade": "1.000000",
    "diaria": null,
    "valor_unit": "49700.000000",
    "valor_total": "49700.000000",
    "saldo_fis": "1.000000",
    "saldo_fin": null
  }
},
{
  "model": "contratos.itemcontratocompra",
  "pk": 10,
  "fields": {
    "ativo": true,
    "criado_em": "2021-08-19T23:14:53.774Z",
    "criador": 1,
    "modificado_em": "2021-08-19T23:14:53.774Z",
    "ultimo_editor": 1,
    "revisao": 4,
    "ord_item": 1,
    "produto": 31,
    "descricao": "As Contratações das Estatais em Foco",
    "quantidade": "3.000000",
    "diaria": null,
    "valor_unit": "1867.600000",
    "valor_total": "5602.800000",
    "saldo_fis": "3.000000",
    "saldo_fin": null
  }
},
{
  "model": "contratos.itemcontratocompra",
  "pk": 11,
  "fields": {
    "ativo": true,
    "criado_em": "2021-08-19T23:18:37.401Z",
    "criador": 1,
    "modificado_em": "2021-08-19T23:18:37.401Z",
    "ultimo_editor": 1,
    "revisao": 5,
    "ord_item": 1,
    "produto": 31,
    "descricao": "Media Training",
    "quantidade": "8.000000",
    "diaria": null,
    "valor_unit": "2250.000000",
    "valor_total": "18000.000000",
    "saldo_fis": "8.000000",
    "saldo_fin": null
  }
}
]
